gs_id,delay_ms,calc_time_ms
10001,2.032016805045579,0.08825818076729774
10002,3.2889150896561268,0.040908344089984894
10003,1.9560011813216327,0.040907878428697586
10004,1.7706415557289996,0.030888710170984268
10005,1.8660643054494432,0.029786955565214157
10006,1.7698452897054961,0.030889175832271576
10007,1.811423702939853,0.05553616210818291
10008,2.131685807116419,0.03891391679644585
10009,3.1570236020599323,0.0334237702190876
10010,1.9382346606460386,0.047890935093164444
10011,1.8981673690561263,0.025197863578796387
10012,2.7558019986912328,0.04200031980872154
10013,2.0292387263458074,0.04009576514363289
10014,2.3757791941764457,0.03203190863132477
10015,1.7175549781095996,0.05334196612238884
10016,2.3706076598973373,0.0356379896402359
10017,1.8422864368833836,0.03723101690411568
10018,2.024483858699883,0.022071879357099533
10019,2.260093218939476,0.03517698496580124
10020,2.3713633255556834,0.029066111892461777
10021,1.9629966618361123,0.03888411447405815
10022,7.380590696490477,0.0499160960316658
10023,2.159612548661779,0.03576837480068207
10024,1.7443035793746469,0.04751002416014671
10025,1.8697940594894806,0.07710698992013931
10026,2.615359847181496,0.035768840461969376
10027,2.5214906901541854,0.03369385376572609
10028,1.860502730837248,0.06733881309628487
10029,2.3262042587625444,0.03543775528669357
10030,1.7511625058788716,0.021861866116523743
10031,1.849298319458348,0.031581148505210876
10032,1.7329264063894918,0.05859183147549629
10033,2.3023904074614627,0.03564823418855667
10034,2.031849382733011,0.0382731668651104
10035,1.917530953429712,0.03607897087931633
10036,1.9066264125643961,0.028525013476610184
10037,2.3806067184101507,0.03503682091832161
10038,1.7985914276355415,0.05202926695346832
10039,2.4812188289937254,0.038543716073036194
10040,2.153374282254856,0.041628722101449966
10041,2.407485491477141,0.03485614433884621
10042,2.4610966374631817,0.04220008850097656
10043,2.4606648285942443,0.032390933483839035
10044,1.7262876718064124,0.0382731668651104
10045,1.9582871008672529,0.02805422991514206
10046,2.695208048802872,0.03814278170466423
10047,2.480788938111459,0.034626107662916183
10048,2.3766689141241484,0.02851523458957672
10049,1.847926626343378,0.02509821206331253
10050,2.236421733267233,0.03805197775363922
10051,1.751555361023388,0.03872392699122429
10052,1.9688806452719956,0.034786295145750046
10053,2.2755928531298766,0.03933487460017204
10054,1.8009006819244335,0.054785050451755524
10055,1.8834639062837382,0.04540709778666496
10056,2.3702649275107444,0.0420999713242054
10057,1.8364120928848642,0.06786966696381569
10058,2.0321197394101485,0.036339275538921356
10059,2.0570024111745604,0.02805376425385475
10060,2.2627243556804872,0.03585824742913246
10061,1.9412284916158304,0.03850320354104042
10062,1.777234017434175,0.025067944079637527
10063,1.7356187239957814,0.03180140629410744
10064,1.8422125161903031,0.0289049930870533
10065,1.8835745557632455,0.04488509148359299
10066,1.7876376157409781,0.03847386687994003
10067,1.8106695362395107,0.02484675496816635
10068,1.8560156055473895,0.03852415829896927
10069,1.8635200580186455,0.06614578887820244
10070,2.4119607173708086,0.05194917321205139
10071,2.6874867712069475,0.04190998151898384
10072,1.7802774186064898,0.022442080080509186
10073,1.9939280305842664,0.03181071951985359
10074,9.775143101981298,0.021571293473243713
10075,2.015261695328918,0.041789840906858444
10076,2.3053328970554485,0.03564776852726936
10077,2.371788132362295,0.03836303949356079
10078,2.2847703268038537,0.039285048842430115
10079,3.3821953707786725,0.03510713577270508
10080,2.0709471065088843,0.048652756959199905
10081,2.040578457813374,0.04213117063045502
10082,2.1363951877420706,0.03819214180111885
10083,1.8996262950968799,0.02922629937529564
10084,2.0406912119148837,0.0462578609585762
10085,1.911991288831307,0.03959517925977707
10086,2.2459850342556544,0.04583830013871193
10087,2.4949321841505103,0.041789375245571136
10088,1.9323243265658583,0.042180996388196945
10089,1.7475210103054308,0.054684001952409744
10090,1.8039139295631093,0.04485622048377991
10091,1.7876589058436987,0.021561048924922943
10092,1.8917441877024979,0.03131013363599777
10093,2.0634284763597934,0.03815162926912308
10094,1.7379170624294695,0.048022251576185226
10095,1.9090951177436881,0.06410293281078339
10096,2.5570115878876374,0.034836120903491974
10097,2.5160862106063395,0.03891391679644585
10098,2.003528689499922,0.031981151551008224
10099,1.813280885440867,0.022022053599357605
10100,1.965958179922636,0.028192996978759766
10101,1.8352484171802141,0.06176810711622238
10102,1.9428852844067985,0.03465590998530388
10103,2.085040799920464,0.032191164791584015
10104,2.7418123938664154,0.05112774670124054
10105,2.525657791369145,0.03171013668179512
10106,1.781465570316553,0.03883428871631622
10107,1.8600896145177321,0.04509603604674339
10108,2.2889089001981597,0.04623923450708389
10109,2.172486920736845,0.03828294575214386
10110,2.0253646940183185,0.034566037356853485
10111,2.0760082188137776,0.031771138310432434
10112,1.761219076525435,0.024737324565649033
10113,2.6259255083679154,0.038644298911094666
10114,1.7207348642248643,0.0620880164206028
10115,2.205562937664034,0.04471605643630028
10116,1.7237954615577027,0.02232193946838379
10117,2.743975814764796,0.03830296918749809
10118,1.980444692439078,0.058300793170928955
10119,2.078177885162633,0.042020343244075775
10120,1.8941239811461572,0.031589996069669724
10121,3.24043602778677,0.038574449717998505
10122,1.9020016134762434,0.03858422860503197
10123,1.8190555508316308,0.03861309960484505
10124,1.7435798868725707,0.04154909402132034
10125,2.7326014600344664,0.03509689122438431
10126,1.8128569783818302,0.04471605643630028
10127,1.7176389907481977,0.07191719487309456
10128,2.122243829074264,0.03461586311459541
10129,2.385446134612505,0.03527803346514702
10130,3.613211940535257,0.031869858503341675
10131,1.9130496066253624,0.041369348764419556
10132,2.511363699496839,0.03239233046770096
10133,1.8446307747714736,0.03948528319597244
10134,2.1674669252888985,0.035188160836696625
10135,1.9289851769355189,0.038522761315107346
10136,1.8832836166682307,0.07798895239830017
10137,1.772068094156961,0.021500978618860245
10138,2.639714821068918,0.04184991121292114
10139,1.810080483471389,0.038372818380594254
10140,1.829202526946263,0.0318111851811409
10141,2.119557323513098,0.045336317270994186
10142,5.332847009227774,0.03189081326127052
10143,2.006341474219125,0.04222104325890541
10144,1.7314701778572288,0.024777837097644806
10145,1.9384662062261064,0.03194110468029976
10146,1.8400637807718856,0.03223074600100517
10147,1.9091501000096573,0.0314801000058651
10148,2.7291318219016922,0.06488384678959846
10149,1.9061059227927242,0.032432377338409424
10150,1.8246916192753644,0.025088433176279068
10151,2.015739206961011,0.03125891089439392
10152,2.1198126372743253,0.040907878428697586
10153,2.1255377876651598,0.03536790609359741
10154,1.7464566843319054,0.0485018827021122
10155,1.75156137812647,0.024978071451187134
10156,1.9309553790663876,0.06139697507023811
10157,2.113770834325206,0.04546670243144035
10158,1.838679913041296,0.059483107179403305
10159,2.097674730461225,0.03568781539797783
10160,2.067838398051134,0.03865407779812813
10161,1.8404479468089965,0.02502836287021637
10162,1.7365254448518714,0.04842178896069527
10163,3.1581924818462777,0.03198068588972092
10164,2.355867013812902,0.034877099096775055
10165,2.6644432837566328,0.03541726619005203
10166,1.9292499188201895,0.02527935430407524
10167,1.8165236542445642,0.06513390690088272
10168,2.2725280911495873,0.0385139137506485
10169,1.8455284663549858,0.044804997742176056
10170,2.177397134147648,0.035007018595933914
10171,2.078098027165034,0.04004593938589096
10172,1.7672863541888173,0.038042664527893066
10173,1.769454891116744,0.058101024478673935
10174,1.9195197490353149,0.03840262070298195
10175,2.459956786623655,0.035346951335668564
10176,2.341440872539634,0.03506708890199661
10177,2.4868150220793117,0.03475695848464966
10178,1.7326102244255668,0.02530822530388832
10179,1.8545851450874455,0.06789993494749069
10180,2.1620034610617407,0.038193073123693466
10181,1.8334401524342216,0.07506413385272026
10182,2.2378884655602445,0.04652794450521469
10183,1.8175851457387677,0.028745271265506744
10184,2.4028373447950693,0.034986063838005066
10185,2.518066094782981,0.03182096406817436
10186,2.2877706485526965,0.03502704203128815
10187,1.8198560311028453,0.04454515874385834
10188,2.4443105556851754,0.031991396099328995
10189,2.3978115603796177,0.034916214644908905
10190,1.762776944990549,0.048722606152296066
10191,1.7505161580941677,0.03166124224662781
10192,2.4454670196379107,0.03812275826931
10193,2.382061349279836,0.03437558189034462
10194,2.552112318844543,0.03186101093888283
10195,1.8903646888465673,0.025117769837379456
10196,1.8496930067929322,0.028514303267002106
10197,1.7454906380646065,0.038392841815948486
10198,1.9754006725301168,0.04182988777756691
10199,1.7110269043711293,0.05153892561793327
10200,2.019640825184566,0.04137912765145302
10201,2.0678077262062122,0.04119798541069031
10202,2.313816690794572,0.034936703741550446
10203,2.5251486525799494,0.03427499905228615
10204,2.133667106678223,0.03150012344121933
10205,1.9346655550144862,0.03194110468029976
10206,2.9409911010687653,0.044906046241521835
10207,2.14844612555775,0.03476720303297043
10208,1.9395731831967307,0.04121800884604454
10209,2.0838895719600408,0.03801286220550537
10210,1.953283414528525,0.04525575786828995
10211,1.704802768145437,0.022002030164003372
10212,2.1438551233436702,0.035258010029792786
10213,2.1001108136855744,0.03849295899271965
10214,1.8132674697116618,0.032040756195783615
10215,2.137412919385795,0.031771138310432434
10216,2.4551716878795458,0.03208080306649208
10217,2.4196084065438512,0.03458606079220772
10218,2.343755912601108,0.038893893361091614
10219,2.2451684067453983,0.04161987453699112
10220,2.5623154474344036,0.03803195431828499
10221,2.83530945883573,0.0352771021425724
10222,2.1226605987956546,0.0444948673248291
10223,2.047327374405633,0.0316910445690155
10224,1.9314485807254962,0.03777164965867996
10225,1.85051902973453,0.06791995838284492
10226,1.9266324672182804,0.03542657941579819
10227,1.9430077629950357,0.028144102543592453
10228,2.349996247438424,0.03796210512518883
10229,2.110092858253098,0.04197983071208
10230,1.936836073987939,0.03158021718263626
10231,1.8717052440232194,0.06385240703821182
10232,1.7331592852145645,0.04138937219977379
10233,2.0813583785103473,0.045868102461099625
10234,2.1211100647320142,0.04261219874024391
10235,1.892934674034341,0.03795186057686806
10236,1.8238015170322779,0.038182828575372696
10237,1.9061107187357516,0.03165006637573242
10238,2.5431736115083443,0.038703903555870056
10239,4.850889552289588,0.03186101093888283
10240,2.5113527131280273,0.0318712554872036
10241,1.7415897056210325,0.04816194996237755
10242,2.431060731955414,0.031288713216781616
10243,1.747831156608,0.024868175387382507
10244,2.1729640368140797,0.02807285636663437
10245,1.7683249680161608,0.04850327968597412
10246,2.9349905474273457,0.03520725294947624
10247,1.8016318172399604,0.04180986434221268
10248,1.879553113732828,0.038193073123693466
10249,2.496062639297834,0.05786120891571045
10250,1.8633878768013625,0.0578402541577816
10251,2.782322877424875,0.03527803346514702
10252,2.1572702539707445,0.035147182643413544
10253,1.8978298635327158,0.038593076169490814
10254,2.2119957666858743,0.057499855756759644
10255,1.8786998425168282,0.03574928268790245
10256,1.9357397582768299,0.06114691495895386
10257,2.5748205809427613,0.04115886986255646
10258,1.8774340696938003,0.03422470763325691
10259,1.8834368331561038,0.032872892916202545
10260,2.1406107982742815,0.041800085455179214
10261,2.0207550126167364,0.032390933483839035
10262,1.8564133856598022,0.04801107570528984
10263,1.9037806424369537,0.03198068588972092
10264,1.727979793361059,0.0483216717839241
10265,2.654419870247233,0.038123223930597305
10266,1.8117453029897255,0.03207102417945862
10267,1.7150208525442376,0.03865361213684082
10268,1.9373151165724052,0.06421329453587532
10269,1.9431113627491319,0.025208108127117157
10270,2.237832595446833,0.07445225492119789
10271,2.3350416025923635,0.037833116948604584
10272,1.7970516235169924,0.02160109579563141
10273,2.042039639223114,0.03165006637573242
10274,2.542784796589248,0.03465590998530388
10275,1.8010061695208923,0.041558872908353806
10276,1.7566476531520687,0.024706590920686722
10277,1.8115999307428625,0.06366195157170296
10278,1.7618782407189877,0.048090703785419464
10279,2.6003964614559374,0.035025645047426224
10280,2.1741275434823315,0.06763869896531105
10281,1.9527857189191142,0.042220111936330795
10282,1.8840133979644178,0.04870304837822914
10283,2.4978156258644177,0.040757935494184494
10284,2.179655218689519,0.04529673606157303
10285,1.7961795067742803,0.03554811701178551
10286,1.8418139425458706,0.029115937650203705
10287,1.7990643630531566,0.03506708890199661
10288,2.4158837316917157,0.034957192838191986
10289,2.1559790994621624,0.0453973188996315
10290,1.9843497834708497,0.035357195883989334
10291,2.062643066405266,0.03206077963113785
10292,1.7801213352442993,0.038833823055028915
10293,1.8173682416007055,0.03173109143972397
10294,2.177187681651633,0.03489712253212929
10295,1.7666737699376907,0.06749900057911873
10296,1.9842255360192438,0.038203317672014236
10297,2.8576108585628885,0.041247811168432236
10298,2.000829791711661,0.0649341382086277
10299,2.353715221832079,0.05800090730190277
10300,1.769693404277253,0.04484504461288452
10301,1.820097849643635,0.024956651031970978
10302,1.7116064171012821,0.05157897248864174
10303,2.2646401578830573,0.032100826501846313
10304,2.4735364955940295,0.03121001645922661
10305,2.2634557370111166,0.051188282668590546
10306,1.8740870918727128,0.0485321506857872
10307,1.886922515090519,0.04817172884941101
10308,3.2146901354001662,0.03478582948446274
10309,2.6072601775570763,0.03189081326127052
10310,3.0937059242650227,0.028174370527267456
10311,1.7568427820503092,0.031911302357912064
10312,2.024940057662572,0.034626107662916183
10313,2.602892595023807,0.03808317705988884
10314,2.0608737264766477,0.051238108426332474
10315,2.3855025864565462,0.04756078124046326
10316,1.890471393791286,0.03186101093888283
10317,1.9456626499881964,0.05958322435617447
10318,1.9753046643046528,0.053892843425273895
10319,1.8333070850100381,0.03522681072354317
10320,1.8943465961792287,0.047771260142326355
10321,1.7706656410824406,0.024987850338220596
10322,2.2169820695273232,0.054043252021074295
10323,2.2300981795615846,0.0344947911798954
10324,1.930662937845056,0.031760893762111664
10325,3.1466942693946955,0.02160109579563141
10326,1.9540133865861695,0.03762170672416687
10327,2.0984369137157857,0.03165099769830704
10328,1.7925725397176397,0.07089506834745407
10329,2.7025664085656147,0.03450596705079079
10330,2.915533706581315,0.08755689486861229
10331,1.946614280164909,0.07480336353182793
10332,2.594045842000238,0.03811204805970192
10333,2.2743760298297406,0.0317809171974659
10334,1.7554789560681296,0.038592610508203506
10335,1.9164544059601565,0.0417991541326046
10336,1.7957219269113507,0.04116911441087723
10337,2.4345154483457043,0.03192061558365822
10338,1.730485350117607,0.0573890283703804
10339,2.51187123203655,0.038253143429756165
10340,1.8691108304464936,0.028415117412805557
10341,1.7718266492016583,0.037801917642354965
10342,1.7370833198435485,0.049765221774578094
10343,1.7382374767862612,0.038153026252985
10344,2.603343733413549,0.03771204501390457
10345,1.9349484922344073,0.07362104952335358
10346,3.0931642992813173,0.021802261471748352
10347,2.145953451727902,0.04014698788523674
10348,1.8017268687329426,0.03819260746240616
10349,2.194995895834849,0.0375211238861084
10350,1.771319892694791,0.06691785529255867
10351,3.513046145660368,0.028395093977451324
10352,2.617888255098916,0.03670994192361832
10353,2.159754695265889,0.046347733587026596
10354,1.8170080601135197,0.03526732325553894
10355,1.920747472246674,0.06692763417959213
10356,2.3023841697608542,0.038193073123693466
10357,1.9507174373156757,0.06999261677265167
10358,2.3874148479828476,0.03468617796897888
10359,2.0807409913597126,0.031250063329935074
10360,1.8346517007260257,0.031519681215286255
10361,1.9330628378866006,0.051558949053287506
10362,1.806291718836454,0.057649798691272736
10363,3.3986420553479735,0.03453576937317848
10364,2.734252921131969,0.03167986869812012
10365,1.9422870716429375,0.03821263089776039
10366,2.4103873523327595,0.035286881029605865
10367,1.750509252381277,0.05813082680106163
10368,2.2229748035781505,0.03496697172522545
10369,2.067158674567315,0.04823179915547371
10370,1.8126212980187733,0.031400006264448166
10371,2.0263871452135698,0.031910836696624756
10372,2.4300552945240326,0.0377316027879715
10373,1.9840217458408855,0.031149014830589294
10374,2.239099034628007,0.03451574593782425
10375,2.7645912341395515,0.034495722502470016
10376,2.0710755062057635,0.031700823456048965
10377,1.8345392488396053,0.03386428579688072
10378,1.895355660163765,0.039043836295604706
10379,2.4613739326238693,0.03492692485451698
10380,1.720092496927321,0.06759865209460258
10381,2.1699387350596653,0.03128964453935623
10382,2.0388901217746938,0.04067691043019295
10383,2.354726410137249,0.03519793972373009
10384,2.4011834437356305,0.06066495552659035
10385,2.152666905327355,0.024928245693445206
10386,2.0012055629327494,0.05122832953929901
10387,3.5246491700303606,0.03430480137467384
10388,1.734655440927408,0.044144224375486374
10389,1.9254449849673583,0.03492692485451698
10390,1.7895342332878055,0.04137912765145302
10391,2.4891209784622013,0.03496697172522545
10392,3.270404770786844,0.04761107265949249
10393,1.929720191555029,0.03805197775363922
10394,1.72577192058602,0.04759104922413826
10395,2.349892382843032,0.04112767055630684
10396,1.7988377452966373,0.028003938496112823
10397,1.730213241130179,0.037671998143196106
10398,2.4431847622369363,0.037732068449258804
10399,2.7908441032037783,0.060745980590581894
10400,2.107623199793592,0.039665959775447845
10401,9.674910252297334,0.018856022506952286
10402,1.9535290326761707,0.042451079934835434
10403,2.3216137728246555,0.03190105780959129
10404,2.371363885739778,0.041037797927856445
10405,2.490831206108388,0.038081780076026917
10406,2.3638858077692597,0.0316910445690155
10407,1.7500527298691548,0.06842100992798805
10408,1.8744534907223867,0.036510173231363297
10409,2.239819379383829,0.032431911677122116
10410,2.020973760318309,0.031109899282455444
10411,1.799249692281774,0.024767126888036728
10412,2.6184868520801077,0.037812162190675735
10413,2.18263771728147,0.06554508581757545
10414,2.823966560190796,0.03467593342065811
10415,2.774459649099741,0.04837336018681526
10416,2.3795456282090552,0.05768006667494774
10417,2.2995172309490424,0.05121668800711632
10418,1.9154541089487793,0.03437511622905731
10419,1.9786264005090386,0.03496604040265083
10420,2.679110000619946,0.03160117194056511
10421,2.097380486448928,0.04489487037062645
10422,1.9734432044359735,0.0317511148750782
10423,2.301231771583692,0.03173062577843666
10424,1.7841345633561956,0.038011930882930756
10425,2.481704661094397,0.041930004954338074
10426,2.65517516970852,0.05082739517092705
10427,2.503278314868613,0.038061756640672684
10428,3.085016162878014,0.025407876819372177
10429,3.305033885885441,0.03797328099608421
10430,1.7324637226043944,0.021169893443584442
10431,1.7273674375644201,0.024927780032157898
10432,3.5284271766640156,0.03519700840115547
10433,2.5231750886136175,0.03129011020064354
10434,2.0110013008658654,0.04787091165781021
10435,1.9560648845804618,0.03822287544608116
10436,2.1220731528273635,0.03465590998530388
10437,1.941393873588439,0.04167994484305382
10438,2.0696873991164546,0.03199093043804169
10439,1.7491108618249918,0.04413491114974022
10440,2.480288362604998,0.03795186057686806
10441,1.9508230157791395,0.0284537672996521
10442,1.836211051366741,0.041419174522161484
10443,1.7548173126101405,0.04456518217921257
10444,1.75185336575415,0.024487264454364777
10445,2.115013852515992,0.03805290907621384
10446,2.036451930504537,0.07088528946042061
10447,1.7532311432246965,0.047680921852588654
10448,2.110346072759747,0.031459610909223557
10449,2.021474101985824,0.03171991556882858
10450,1.7423427124042432,0.06485264748334885
10451,1.723092198201324,0.02488819882273674
10452,1.9398165703873305,0.041939783841371536
10453,2.4516157392305895,0.034807249903678894
10454,2.1575497269535298,0.03475602716207504
10455,2.532826877628054,0.03166124224662781
10456,2.4913094330569,0.038393307477235794
10457,2.426336349584082,0.041117891669273376
10458,1.8743417036785113,0.04799198359251022
10459,2.0012582968375057,0.050807371735572815
10460,1.7417680209168098,0.031239353120326996
10461,2.5237020758449455,0.04038820043206215
10462,1.7145867438393827,0.03614882007241249
10463,1.9722586241297373,0.04075700417160988
10464,1.7226614817112973,0.03830296918749809
10465,1.7761639002533773,0.03817304968833923
10466,2.6736326944050215,0.035007018595933914
10467,2.3669819542558326,0.0313599593937397
10468,1.7619383121135312,0.044815242290496826
10469,2.2027119008360887,0.04482641816139221
10470,1.764900433740778,0.03420514985918999
10471,1.799395647831388,0.03171991556882858
10472,2.2255685490069084,0.03156997263431549
10473,1.937147254834515,0.03784196451306343
10474,1.8520596923511081,0.024145934730768204
10475,3.576397041774598,0.03488687798380852
10476,1.9781510924823937,0.07071485742926598
10477,1.9559024642505518,0.06263982504606247
10478,1.8892659019212656,0.04115793853998184
10479,2.5070349183387677,0.04437519237399101
10480,2.182479462649568,0.03477698192000389
10481,2.2890558033011357,0.03499584272503853
10482,2.0902153426682997,0.04169018939137459
10483,1.830373393868712,0.0385739840567112
10484,1.8808928815140482,0.06737839430570602
10485,1.9755775889010114,0.05039572715759277
10486,3.325914533328293,0.03448640927672386
10487,2.0116411435083963,0.0873468816280365
10488,2.107945728516222,0.03172038123011589
10489,2.087784657865507,0.038874801248311996
10490,1.9371026386839418,0.03877375274896622
10491,2.0720470208009822,0.05464395508170128
10492,2.3426039072837646,0.03895396366715431
10493,2.5772515062697914,0.07110601291060448
10494,1.908165950026691,0.031770672649145126
10495,1.8728495200920519,0.038494355976581573
10496,2.6026302671215413,0.0485018827021122
10497,2.4609109184746862,0.031299889087677
10498,2.671484026532721,0.03442633897066116
10499,2.276238027589315,0.05557620897889137
10500,2.1499933304343424,0.03150990232825279
10501,2.2515478984744752,0.04786113277077675
10502,2.873307469214076,0.047019217163324356
10503,2.0105757086506832,0.02226186916232109
10504,2.108982616531503,0.04215072840452194
10505,1.8060222087944113,0.08836807683110237
10506,1.7487013442394481,0.06458396092057228
10507,1.7831089983656594,0.028224196285009384
10508,1.8579994135353146,0.0385441817343235
10509,3.2517097922987097,0.02449704334139824
10510,2.561390451919664,0.03521796315908432
10511,2.006678710055562,0.044895801693201065
10512,2.8015815140675437,0.0378219410777092
10513,2.0680050632395366,0.037882011383771896
10514,1.8899058961344286,0.03533810377120972
10515,2.5697448512803147,0.028354115784168243
10516,1.9376566892669222,0.03498699516057968
10517,2.193326578269903,0.03531668335199356
10518,1.7171805025272224,0.021561048924922943
10519,1.7448227267576153,0.04487577825784683
10520,1.8311919927079279,0.031600240617990494
10521,1.8328207602132598,0.041659921407699585
10522,2.2362591747515395,0.05773967131972313
10523,2.112262845820885,0.04325294867157936
10524,2.2069468438284514,0.03540702164173126
10525,1.7927479489655584,0.04268204793334007
10526,2.1162173733452128,0.03167986869812012
10527,2.4281312500699794,0.03789179027080536
10528,1.7848350423395005,0.034887343645095825
10529,2.9171815774916734,0.07717683911323547
10530,1.7447431285489499,0.025318004190921783
10531,1.845399337771092,0.028434209525585175
10532,2.4873558312524047,0.034936703741550446
10533,2.2407729290857836,0.0315103679895401
10534,1.9342233919721392,0.027923844754695892
10535,2.348307676929242,0.03823311999440193
10536,1.7258127018058245,0.04765111953020096
10537,1.8376306436269438,0.03186101093888283
10538,1.837922002130868,0.05111796781420708
10539,2.411187495485762,0.05738995969295502
10540,1.801463657952921,0.028443988412618637
10541,1.7277849505493117,0.02536829560995102
10542,2.3837945525145283,0.07040519267320633
10543,2.1495413185706855,0.038833823055028915
10544,2.163468534039572,0.04158914089202881
10545,2.0383893170750467,0.038253143429756165
10546,1.846181228707694,0.03482680767774582
10547,2.0183631205076797,0.034825876355171204
10548,1.8127844450966057,0.030308030545711517
10549,1.9600982097433228,0.04487577825784683
10550,3.020281165742212,0.03509689122438431
10551,1.7892716560028874,0.05151843652129173
10552,2.399860544293729,0.041789840906858444
10553,1.831606332609979,0.028324313461780548
10554,2.934018730769498,0.06428314372897148
10555,2.013432775569039,0.03535766154527664
10556,2.6595479546529,0.0348859466612339
10557,1.740021807715289,0.03777164965867996
10558,1.870316362311667,0.028685200959444046
10559,2.2379964661328016,0.04466623067855835
10560,1.9936243800615245,0.03849295899271965
10561,1.7919095806884746,0.02488819882273674
10562,1.8993862243863326,0.028192996978759766
10563,1.8966983606952703,0.03792298957705498
10564,1.9741188441508417,0.03174971789121628
10565,2.009408257675341,0.06728898733854294
10566,1.860300392467533,0.0645127147436142
10567,2.2649803431966626,0.03828294575214386
10568,1.7981411335885626,0.07439171895384789
10569,2.120149228416433,0.0382130965590477
10570,1.849977797928711,0.03170128911733627
10571,1.9141728357874592,0.034776050597429276
10572,1.775033333782062,0.04595797508955002
10573,2.474759377346537,0.035608187317848206
10574,1.7340894946886392,0.04450511187314987
10575,1.7700565923751201,0.061267055571079254
10576,2.5020154745823406,0.039424747228622437
10577,2.0750385734308985,0.05731917917728424
10578,2.447727115876439,0.031760893762111664
10579,1.8523811368660952,0.03454601392149925
10580,1.7559312443490152,0.03836303949356079
10581,2.1276860286621564,0.03800308331847191
10582,1.9628059750107885,0.03119930624961853
10583,1.7286977654730502,0.021550804376602173
10584,1.874761429236111,0.03433600068092346
10585,2.6310201823807726,0.03813300281763077
10586,2.3357299482971348,0.03193086013197899
10587,2.6147157832643098,0.04098797217011452
10588,1.8385218845779199,0.03442494198679924
10589,1.7589742286009304,0.021420884877443314
10590,2.3659186142765236,0.03470573574304581
10591,1.9962528626327791,0.06695836782455444
10592,2.198124523654113,0.031810253858566284
10593,2.905466209205881,0.038153026252985
10594,1.7356176828363359,0.022473279386758804
10595,2.2094405836806614,0.0318111851811409
10596,2.1281282914680277,0.040667131543159485
10597,2.1687363081617823,0.04732096567749977
10598,1.8109144821343912,0.03926502540707588
10599,2.4485453847272622,0.03861403092741966
10600,2.040635145062042,0.03762217238545418
10601,1.7812649951848245,0.03841333091259003
10602,2.1916909008880494,0.040187034755945206
10603,1.8873246362722331,0.07437169551849365
10604,2.1104363960020427,0.034877099096775055
10605,2.2473085704149516,0.03810180351138115
10606,1.7992593965417922,0.02140132710337639
10607,2.4997384146902837,0.03967573866248131
10608,2.0675033366791937,0.03139907494187355
10609,1.8420837973470776,0.03128033131361008
10610,2.6953113731155804,0.038102734833955765
10611,1.9314199854778777,0.041279010474681854
10612,1.7844663925365758,0.021720770746469498
10613,1.8271256713786408,0.044244807213544846
10614,1.9436766037161515,0.04498474299907684
10615,2.0391241784612704,0.03144005313515663
10616,1.7621637566634227,0.04462478682398796
10617,1.9745870829145458,0.027982983738183975
10618,2.0365081483134038,0.06369175389409065
10619,2.83151877928394,0.03860285505652428
10620,2.240843083140119,0.031250063329935074
10621,1.8282898433586934,0.03831321373581886
10622,2.0402955574754698,0.03204122185707092
10623,2.110259386338802,0.03242120146751404
10624,1.9715107054145788,0.059654004871845245
10625,2.218142694249162,0.035156961530447006
10626,2.135152490482972,0.03496697172522545
10627,2.120222646499534,0.07031392306089401
10628,1.7442808735064397,0.06746873259544373
10629,1.8586961378357536,0.04184013232588768
10630,2.398667018473972,0.031529925763607025
10631,2.033891756548802,0.031810253858566284
10632,2.101966125214763,0.041408929973840714
10633,2.269741070083158,0.03816280514001846
10634,2.1325346942205057,0.0351867638528347
10635,2.013041794233529,0.021371059119701385
10636,2.163039279085813,0.03834301605820656
10637,2.0934973880191747,0.032040756195783615
10638,1.860228911956281,0.0314801000058651
10639,1.7956078270222011,0.03509689122438431
10640,1.9780347867979784,0.04744110628962517
10641,1.8096317616574495,0.0512879341840744
10642,1.8651698793619764,0.04786066710948944
10643,2.177753149358436,0.03190105780959129
10644,1.7817438836873525,0.041348859667778015
10645,2.2164581565392276,0.06048474460840225
10646,2.2206086862293897,0.04426483064889908
10647,2.1547269612570923,0.059934332966804504
10648,2.4596708769650615,0.035167206078767776
10649,2.456487083952835,0.035318080335855484
10650,1.7466764877935754,0.04470488056540489
10651,1.969275064920221,0.03814324736595154
10652,1.7717643533853316,0.04432396963238716
10653,2.06014025904173,0.03128033131361008
10654,2.4835708835934382,0.031550414860248566
10655,1.7059806305406018,0.028303824365139008
10656,2.023996185937046,0.03173016011714935
10657,2.2194927868415384,0.03164075314998627
10658,1.9785931854883485,0.02855435013771057
10659,1.7731632100312786,0.07085595279932022
10660,1.7726703396497667,0.07059425115585327
10661,1.7263257548717943,0.06400234997272491
10662,1.7724257915548887,0.024477019906044006
10663,1.9247123659421788,0.03173016011714935
10664,1.9046025703311653,0.06397301331162453
10665,2.8218916483153995,0.07771886885166168
10666,2.311043323595007,0.03840308636426926
10667,2.068866804463105,0.025379005819559097
10668,1.74629233643718,0.054102856665849686
10669,1.9504632662249506,0.038763973861932755
10670,3.427147091188525,0.04844320937991142
10671,1.86163705107361,0.05497504025697708
10672,1.811542987007206,0.03452599048614502
10673,1.8005879534456786,0.03800215199589729
10674,2.119831271528234,0.03164075314998627
10675,1.9301263749352358,0.028274022042751312
10676,1.9239484949481414,0.038392841815948486
10677,2.519096513374897,0.04436494782567024
10678,1.7321454204435114,0.02141110599040985
10679,2.4613025343419466,0.0513782724738121
10680,2.0746563615206512,0.03511691465973854
10681,1.8461591590825355,0.0703851692378521
10682,2.2778967243275265,0.03810320049524307
10683,2.050187155079924,0.054232776165008545
10684,1.7194496421157022,0.06055459380149841
10685,1.9422463400602934,0.038553960621356964
10686,1.9320469053688545,0.0517992302775383
10687,1.8432309237190325,0.02833409234881401
10688,1.8067510334196843,0.03154994919896126
10689,2.2551954346221086,0.06402190774679184
10690,1.768823700415665,0.024617183953523636
10691,1.7708568274912626,0.028423964977264404
10692,2.572195995343453,0.041590072214603424
10693,1.8363991088038865,0.04184897989034653
10694,2.693864193433308,0.06764987483620644
10695,2.3689182320060773,0.03822287544608116
10696,2.9230182043109196,0.027822796255350113
10697,2.2226804698079117,0.03495626151561737
10698,1.8271098388249651,0.0342358835041523
10699,1.9760716300533274,0.0382731668651104
10700,2.4445099175712603,0.03840262070298195
10701,2.4371945907920574,0.03867410123348236
10702,2.5153608189982624,0.04115840420126915
10703,1.979495639970628,0.07096631452441216
10704,2.4892176660094294,0.038312748074531555
10705,2.0371513711449407,0.03168964758515358
10706,2.000604985334791,0.04796171560883522
10707,1.9232963468243194,0.03777211531996727
10708,2.0974283135425917,0.04490511491894722
10709,2.130221732562712,0.031700823456048965
10710,1.8108176458148089,0.03753090277314186
10711,2.214882222109655,0.0356077216565609
10712,1.8321428438692962,0.03813300281763077
10713,2.295908243843887,0.04151882603764534
10714,2.0212426430666195,0.031670089811086655
10715,1.8948542836761413,0.03173109143972397
10716,1.8404262975732189,0.031410250812768936
10717,3.2790837290450914,0.03467593342065811
10718,1.8754618687911806,0.07606483995914459
10719,1.8514013025461933,0.044735148549079895
10720,2.0366353225114615,0.04773074761033058
10721,1.823214974913147,0.06795022636651993
10722,2.265181080359445,0.03467593342065811
10723,2.311559894727023,0.03816327080130577
10724,1.8937907656660118,0.040907878428697586
10725,2.3568360813639737,0.05708914250135422
10726,2.2371743529950496,0.050475820899009705
10727,1.9245828062470298,0.04157004877924919
10728,2.1868948780549755,0.04144897684454918
10729,2.380090643482211,0.03747083246707916
10730,4.92770334562504,0.03165099769830704
10731,2.4089366994548636,0.034425873309373856
10732,1.8857202764363508,0.028274022042751312
10733,2.7735205403887147,0.0314801000058651
10734,1.9037515212540261,0.0474010594189167
10735,1.8345482316728012,0.044975895434617996
10736,1.7913187066347513,0.04111882299184799
10737,2.2208010637036573,0.02808310091495514
10738,2.0748994766036817,0.06374204531311989
10739,2.2598485172400107,0.0373409129679203
10740,2.884001909677131,0.03879377618432045
10741,2.549593589309185,0.041149090975522995
10742,1.8353311302754916,0.02514803782105446
10743,1.9793691396183837,0.031410250812768936
10744,2.3083672978120866,0.03826292231678963
10745,2.7284489078403418,0.06733788177371025
10746,1.7785746363227217,0.03796303644776344
10747,2.0142112034132094,0.04714960232377052
10748,1.7689807759129879,0.024816952645778656
10749,2.2581793692841905,0.037721823900938034
10750,2.0822758004381017,0.03867410123348236
10751,2.11636629258394,0.03203097730875015
10752,3.1594802783470817,0.07770862430334091
10753,2.3592039999061356,0.0313902273774147
10754,2.3384083985272213,0.03753090277314186
10755,2.8085563425745903,0.034786760807037354
10756,1.7098562424995831,0.04507601261138916
10757,2.4637662879521818,0.03532692790031433
10758,1.8194568514816565,0.034957192838191986
10759,1.9450416560467487,0.04184013232588768
10760,6.006154541745369,0.03841286525130272
10761,2.134834889872468,0.02856506034731865
10762,1.7345069425616726,0.03140978515148163
10763,2.1676036969228356,0.038193073123693466
10764,2.4371071531381596,0.0377018004655838
10765,2.772277944944502,0.04189973697066307
10766,1.7253839944004166,0.0489531084895134
10767,1.8305625420689113,0.07426179945468903
10768,1.7997898624099795,0.028665177524089813
10769,2.011297432014495,0.03441609442234039
10770,1.7470194407220692,0.0353069044649601
10771,1.9085541922510771,0.03799283877015114
10772,2.2526464331504865,0.03442494198679924
10773,1.8709669233015727,0.03186101093888283
10774,2.0322217641337312,0.03504706546664238
10775,1.9229252594254103,0.06411178037524223
10776,2.074022502903816,0.031771138310432434
10777,2.1246149085341033,0.0709746964275837
10778,2.5131241469090257,0.03785267472267151
10779,1.7494575768141791,0.02469681203365326
10780,1.7599539798620545,0.04129810258746147
10781,2.4331079648853082,0.037773046642541885
10782,1.8272402711931948,0.03192992880940437
10783,1.7371122662091123,0.0646030530333519
10784,1.9429504056663938,0.032092444598674774
10785,1.9471669237840086,0.03201095387339592
10786,2.098919259990752,0.0420999713242054
10787,1.7435816965308926,0.03522681072354317
10788,1.895042395166397,0.06816023960709572
10789,1.7663659780964371,0.022523105144500732
10790,1.9753181649994294,0.03445614129304886
10791,2.7940924780618808,0.0448860228061676
10792,1.7987294362014683,0.0444347970187664
10793,2.207077011443846,0.04334188997745514
10794,1.729578435745108,0.06758887320756912
10795,2.1498356973021955,0.035017263144254684
10796,1.8660946021305274,0.05142809823155403
10797,1.9906778697832452,0.03867410123348236
10798,1.736766375240604,0.024586915969848633
10799,1.7474054390643292,0.03859400749206543
10800,1.8848374462615556,0.04791095852851868
10801,1.7346033169127735,0.03517698496580124
10802,1.871061988428935,0.03196112811565399
10803,2.3169668949359044,0.03505684435367584
10804,2.152354831048624,0.041659921407699585
10805,1.7506251824092596,0.0319196842610836
10806,1.7242662658969645,0.05084695294499397
10807,2.666915053833603,0.04144897684454918
10808,1.8633444808946336,0.07678614929318428
10809,2.476413779632987,0.03833277150988579
10810,2.1788304367992586,0.07115630432963371
10811,1.7553561213920943,0.07450161501765251
10812,2.298814547632648,0.03220094367861748
10813,1.7419684909314488,0.051759183406829834
10814,2.2870630246637442,0.03820285201072693
10815,2.5688683247280175,0.04846276715397835
10816,1.8042558113555063,0.07323920726776123
10817,2.2716923784308274,0.03796303644776344
10818,2.365376785990018,0.035017263144254684
10819,2.5924441102907867,0.0444347970187664
10820,1.7676344799346688,0.04762131720781326
10821,2.9366206470751437,0.0449460931122303
10822,1.7984931045938353,0.027853064239025116
10823,2.0775765523003744,0.038372818380594254
10824,1.887990491482139,0.0313902273774147
10825,3.5514789203998136,0.0448860228061676
10826,1.8094369976893565,0.07017375901341438
10827,2.7184204430293764,0.03509689122438431
10828,2.141926907655293,0.03525707870721817
10829,1.9139220124072307,0.06119720637798309
10830,1.7661335272939132,0.043744221329689026
10831,1.721389011382004,0.06732810288667679
10832,1.7800595391963123,0.04772096872329712
10833,1.937097606946112,0.06052572280168533
10834,2.4699916781452855,0.03539677709341049
10835,2.050867963556349,0.03171060234308243
10836,1.7273242774052622,0.05789007991552353
10837,2.7190792862178688,0.0386643223464489
10838,2.0162138200130717,0.03873417153954506
10839,1.7258438968614238,0.04818197339773178
10840,2.569532086770097,0.02488819882273674
10841,2.026445986007044,0.06719771772623062
10842,1.8201485905871615,0.0585620291531086
10843,2.048338151156166,0.04178006201982498
10844,1.8292073673643308,0.024978071451187134
10845,2.122873564299011,0.02553919330239296
10846,1.9962180281226918,0.03185076639056206
10847,1.983303069275035,0.02857530489563942
10848,1.9306320190567312,0.07138634100556374
10849,1.7883873800495902,0.03807293251156807
10850,2.4703239819041163,0.05116686224937439
10851,1.7368620470828442,0.037732068449258804
10852,1.9476289994369393,0.031189993023872375
10853,1.7377840532496112,0.04781084135174751
10854,1.7114668924364442,0.024366192519664764
10855,2.093780846728608,0.03171991556882858
10856,1.8905957320730364,0.03180094063282013
10857,2.4370417366347996,0.03500562161207199
10858,2.33852775166071,0.04919292405247688
10859,2.1103288704446492,0.04155980423092842
10860,1.74320075469415,0.044584739953279495
10861,2.2307847010900343,0.03502704203128815
10862,2.708130519414764,0.03901403397321701
10863,2.559614766597322,0.034626107662916183
10864,2.4388719779777674,0.031771138310432434
10865,2.101685470403559,0.031179748475551605
10866,2.234715986353933,0.035126693546772
10867,2.1591686492955597,0.03511691465973854
10868,3.461664091165437,0.0379122793674469
10869,1.7325086263209502,0.031389761716127396
10870,1.7387112675487792,0.05842139944434166
10871,2.2564558261162198,0.03520725294947624
10872,2.2022956495622568,0.03825267776846886
10873,1.8441669668881253,0.047501176595687866
10874,1.9931262040027955,0.03482680767774582
10875,1.8015765706129934,0.05456386134028435
10876,1.9128962033968238,0.041048042476177216
10877,1.8702076535518966,0.07731793448328972
10878,1.7453483407086618,0.027843285351991653
10879,3.0614511573780625,0.03486592322587967
10880,1.8583803524644196,0.04428485408425331
10881,1.9808901933430234,0.040587037801742554
10882,1.9290821890092158,0.039064791053533554
10883,2.5688266466032896,0.03492599353194237
10884,1.9160046031667672,0.034936703741550446
10885,1.7541526139645254,0.05722884088754654
10886,3.0838681076300047,0.038203317672014236
10887,2.6230292642390207,0.03162026405334473
10888,2.856687857007455,0.03505684435367584
10889,1.7574609634870901,0.06108684465289116
10890,3.0352934846325046,0.04831189289689064
10891,1.8822486185797744,0.038494355976581573
10892,2.2184225499660952,0.03495579585433006
10893,2.31953925046719,0.03523798659443855
10894,2.949315754800261,0.03792205825448036
10895,2.238699532820518,0.037602148950099945
10896,1.8157577035973005,0.03140978515148163
10897,1.8096133458638772,0.04529580473899841
10898,1.9063568097249128,0.03502704203128815
10899,2.31302105921603,0.0314200296998024
10900,2.0150956387347407,0.03479607403278351
10901,7.932314079296066,0.035468023270368576
10902,1.9642158133438936,0.06855092942714691
10903,2.419126358566566,0.05521578714251518
10904,1.833308144792032,0.044594984501600266
10905,1.7520702108569126,0.044525135308504105
10906,1.7525858901127893,0.04669884219765663
10907,2.4552927471357595,0.03796210512518883
10908,1.8276729584879767,0.0411192886531353
10909,2.030288971734411,0.04146900027990341
10910,2.536697403931274,0.031019095331430435
10911,1.8977696291044874,0.07727695629000664
10912,1.845364811981108,0.031400006264448166
10913,1.7705911361138458,0.044644810259342194
10914,1.9911110918457113,0.03189081326127052
10915,2.3446462676663584,0.037742312997579575
10916,1.7543580948998663,0.024877022951841354
10917,1.912056616161946,0.044685788452625275
10918,2.5501081657004745,0.037671998143196106
10919,1.7257030485645792,0.0513480044901371
10920,2.2559113814870297,0.0313599593937397
10921,1.9283257596609997,0.0739111565053463
10922,1.8867001227845142,0.04798220470547676
10923,2.077205592706552,0.03836303949356079
10924,1.8967141398848633,0.03750203177332878
10925,1.8707711999987018,0.03774184733629227
10926,2.172600768304022,0.0378522090613842
10927,1.8054405497073776,0.024786684662103653
10928,2.05456274701389,0.03443565219640732
10929,2.212688601468451,0.035416800528764725
10930,1.7842519014660478,0.060525257140398026
10931,1.7943830731424104,0.021622050553560257
10932,2.5662734388345507,0.031449832022190094
10933,2.17571370983011,0.044865068048238754
10934,1.8412337858976826,0.06765872240066528
10935,2.261159500074344,0.041659921407699585
10936,2.5668228141294724,0.03154994919896126
10937,2.593238708659539,0.03794301301240921
10938,2.016930921359653,0.03203097730875015
10939,2.0786915097138254,0.03180094063282013
10940,2.4478476954192048,0.03470713272690773
10941,2.324219446568751,0.041558872908353806
10942,1.743486789485558,0.024517066776752472
10943,2.1378721323811236,0.03813207149505615
10944,2.440439306500692,0.03127008676528931
10945,1.753812865177612,0.02449704334139824
10946,1.8123751955904779,0.06715813651680946
10947,1.7880022372098245,0.024567358195781708
10948,1.9247880344574215,0.030999071896076202
10949,1.8185557019013698,0.07146596908569336
10950,1.9652823656830511,0.037983059883117676
10951,2.045222771904969,0.064122024923563
10952,1.7526078488000005,0.05708914250135422
10953,1.7671033765707211,0.07658591493964195
10954,2.412516654448241,0.04843296483159065
10955,1.72321940433424,0.06354087963700294
10956,2.1776180039394006,0.031259842216968536
10957,1.830769332279687,0.05752919241786003
10958,2.002839387209772,0.040866900235414505
10959,2.5561662645324725,0.021390151232481003
10960,2.387393176639658,0.0313599593937397
10961,2.4054682594288814,0.03495672717690468
10962,1.7424197092353095,0.024867244064807892
10963,1.844315596158027,0.07626507431268692
10964,2.0868115856301417,0.044465065002441406
10965,1.9150864631459483,0.06382213905453682
10966,2.335401558181693,0.041639432311058044
10967,2.1104873542061817,0.05152914673089981
10968,2.4323319978089852,0.031359028071165085
10969,1.9417914444112454,0.06373180076479912
10970,2.3395603594153878,0.034946948289871216
10971,1.784671613764009,0.03738095983862877
10972,4.7372956788908835,0.031400006264448166
10973,1.892062906149872,0.03830296918749809
10974,1.8621713785112164,0.0375211238861084
10975,2.021627491689716,0.02514803782105446
10976,2.0026146992511262,0.037291087210178375
10977,2.466569157653377,0.03850273787975311
10978,2.201890014800877,0.03822287544608116
10979,2.0638950318849454,0.07364107295870781
10980,1.7103339697566802,0.04817219451069832
10981,2.1327779117909067,0.021690968424081802
10982,3.3773496668284286,0.054333824664354324
10983,2.4694665665959885,0.03843335434794426
10984,1.7417638811075888,0.04077795892953873
10985,1.8512705813490289,0.047900713980197906
10986,2.63118575805283,0.03446592018008232
10987,2.4707064900686424,0.03827270120382309
10988,1.9387224205115166,0.044724904000759125
10989,1.720486018465775,0.051307957619428635
10990,1.7973484492324445,0.03123003989458084
10991,2.027086877765979,0.03496697172522545
10992,1.8018561390036332,0.03829319030046463
10993,2.299997727934491,0.03167102113366127
10994,1.7963964234374512,0.03830390051007271
10995,1.8248899642130874,0.025237910449504852
10996,3.3600851046738174,0.024727080017328262
10997,2.3226654455977833,0.0349460169672966
10998,1.7520328176176259,0.031911302357912064
10999,2.2436268305255047,0.03537675365805626
11000,1.7614813127183502,0.04792120307683945
