timestamp,satellite,id,latitude,longitude,height_km
1735695300.0,Starlink-550 0,0,52.7435,-149.3639,515.29
1735695300.0,Starlink-550 1,1,51.9166,-122.5274,515.1
1735695300.0,Starlink-550 2,2,45.6224,-99.5077,513.67
1735695300.0,Starlink-550 3,3,35.7611,-82.1876,511.57
1735695300.0,Starlink-550 4,4,23.9748,-68.9903,509.7
1735695300.0,Starlink-550 5,5,11.2367,-58.0857,508.98
1735695300.0,Starlink-550 6,6,-1.8708,-48.1208,510.01
1735695300.0,Starlink-550 7,7,-14.9123,-38.0114,512.86
1735695300.0,Starlink-550 8,8,-27.4318,-26.6321,517.02
1735695300.0,Starlink-550 9,9,-38.773,-12.5129,521.52
1735695300.0,Starlink-550 10,10,-47.8103,6.2467,525.23
1735695300.0,Starlink-550 11,11,-52.746,30.6695,527.18
1735695300.0,Starlink-550 12,12,-51.9247,57.4159,526.86
1735695300.0,Starlink-550 13,13,-45.6682,80.3825,524.35
1735695300.0,Starlink-550 14,14,-35.8525,97.6883,520.32
1735695300.0,Starlink-550 15,15,-24.1043,110.8862,515.79
1735695300.0,Starlink-550 16,16,-11.3899,121.7935,511.91
1735695300.0,Starlink-550 17,17,1.7111,131.7594,509.53
1735695300.0,Starlink-550 18,18,14.764,141.8673,509.01
1735695300.0,Starlink-550 19,19,27.3116,153.2438,510.13
1735695300.0,Starlink-550 20,20,38.6939,167.3648,512.16
1735695300.0,Starlink-550 21,21,47.7767,-173.8532,514.16
1735695300.0,Starlink-550 22,22,53.0943,-130.8184,515.37
1735695300.0,Starlink-550 23,23,49.3443,-105.2891,514.52
1735695300.0,Starlink-550 24,24,41.0174,-85.2044,512.65
1735695300.0,Starlink-550 25,25,30.0349,-70.1992,510.55
1735695300.0,Starlink-550 26,26,17.6825,-58.3459,509.15
1735695300.0,Starlink-550 27,27,4.7006,-48.0562,509.26
1735695300.0,Starlink-550 28,28,-8.426,-38.1499,511.22
1735695300.0,Starlink-550 29,29,-21.271,-27.561,514.83
1735695300.0,Starlink-550 30,30,-33.3052,-15.0271,519.29
1735695300.0,Starlink-550 31,31,-43.6771,1.1676,523.54
1735695300.0,Starlink-550 32,32,-50.9203,22.8187,526.47
1735695300.0,Starlink-550 33,33,-53.0944,49.1685,527.32
1735695300.0,Starlink-550 34,34,-49.3687,74.6213,525.85
1735695300.0,Starlink-550 35,35,-41.0862,94.6754,522.47
1735695300.0,Starlink-550 36,36,-30.1468,109.6763,518.04
1735695300.0,Starlink-550 37,37,-17.8259,121.5321,513.71
1735695300.0,Starlink-550 38,38,-4.8593,131.8238,510.5
1735695300.0,Starlink-550 39,39,8.2698,141.7298,509.04
1735695300.0,Starlink-550 40,40,21.1348,152.3163,509.4
1735695300.0,Starlink-550 41,41,33.2042,164.8485,511.08
1735695300.0,Starlink-550 42,42,43.6211,-178.9477,513.22
1735695300.0,Starlink-550 43,43,50.9056,-157.2541,514.87
1735695300.0,Starlink-550 44,44,52.7435,-139.3639,515.29
1735695300.0,Starlink-550 45,45,51.9166,-112.5274,515.1
1735695300.0,Starlink-550 46,46,45.6224,-89.5077,513.67
1735695300.0,Starlink-550 47,47,35.7611,-72.1876,511.57
1735695300.0,Starlink-550 48,48,23.9748,-58.9903,509.7
1735695300.0,Starlink-550 49,49,11.2367,-48.0857,508.98
1735695300.0,Starlink-550 50,50,-1.8708,-38.1208,510.01
1735695300.0,Starlink-550 51,51,-14.9123,-28.0114,512.86
1735695300.0,Starlink-550 52,52,-27.4318,-16.6321,517.02
1735695300.0,Starlink-550 53,53,-38.773,-2.5129,521.52
1735695300.0,Starlink-550 54,54,-47.8103,16.2467,525.23
1735695300.0,Starlink-550 55,55,-52.746,40.6695,527.18
1735695300.0,Starlink-550 56,56,-51.9247,67.4159,526.86
1735695300.0,Starlink-550 57,57,-45.6682,90.3825,524.35
1735695300.0,Starlink-550 58,58,-35.8525,107.6883,520.32
1735695300.0,Starlink-550 59,59,-24.1043,120.8862,515.79
1735695300.0,Starlink-550 60,60,-11.3899,131.7935,511.91
1735695300.0,Starlink-550 61,61,1.7111,141.7594,509.53
1735695300.0,Starlink-550 62,62,14.764,151.8673,509.01
1735695300.0,Starlink-550 63,63,27.3116,163.2438,510.13
1735695300.0,Starlink-550 64,64,38.6939,177.3648,512.16
1735695300.0,Starlink-550 65,65,47.7767,-163.8532,514.16
1735695300.0,Starlink-550 66,66,53.0943,-120.8184,515.37
1735695300.0,Starlink-550 67,67,49.3443,-95.2891,514.52
1735695300.0,Starlink-550 68,68,41.0174,-75.2044,512.65
1735695300.0,Starlink-550 69,69,30.0349,-60.1992,510.55
1735695300.0,Starlink-550 70,70,17.6825,-48.3459,509.15
1735695300.0,Starlink-550 71,71,4.7006,-38.0562,509.26
1735695300.0,Starlink-550 72,72,-8.426,-28.1499,511.22
1735695300.0,Starlink-550 73,73,-21.271,-17.561,514.83
1735695300.0,Starlink-550 74,74,-33.3052,-5.0271,519.29
1735695300.0,Starlink-550 75,75,-43.6771,11.1676,523.54
1735695300.0,Starlink-550 76,76,-50.9203,32.8187,526.47
1735695300.0,Starlink-550 77,77,-53.0944,59.1685,527.32
1735695300.0,Starlink-550 78,78,-49.3687,84.6213,525.85
1735695300.0,Starlink-550 79,79,-41.0862,104.6754,522.47
1735695300.0,Starlink-550 80,80,-30.1468,119.6763,518.04
1735695300.0,Starlink-550 81,81,-17.8259,131.5321,513.71
1735695300.0,Starlink-550 82,82,-4.8593,141.8238,510.5
1735695300.0,Starlink-550 83,83,8.2698,151.7298,509.04
1735695300.0,Starlink-550 84,84,21.1348,162.3163,509.4
1735695300.0,Starlink-550 85,85,33.2042,174.8485,511.08
1735695300.0,Starlink-550 86,86,43.6211,-168.9477,513.22
1735695300.0,Starlink-550 87,87,50.9056,-147.2541,514.87
1735695300.0,Starlink-550 88,88,52.7435,-129.3639,515.29
1735695300.0,Starlink-550 89,89,51.9166,-102.5274,515.1
1735695300.0,Starlink-550 90,90,45.6224,-79.5077,513.67
1735695300.0,Starlink-550 91,91,35.7611,-62.1876,511.57
1735695300.0,Starlink-550 92,92,23.9748,-48.9903,509.7
1735695300.0,Starlink-550 93,93,11.2367,-38.0857,508.98
1735695300.0,Starlink-550 94,94,-1.8708,-28.1208,510.01
1735695300.0,Starlink-550 95,95,-14.9123,-18.0114,512.86
1735695300.0,Starlink-550 96,96,-27.4318,-6.6321,517.02
1735695300.0,Starlink-550 97,97,-38.773,7.4871,521.52
1735695300.0,Starlink-550 98,98,-47.8103,26.2467,525.23
1735695300.0,Starlink-550 99,99,-52.746,50.6695,527.18
1735695300.0,Starlink-550 100,100,-51.9247,77.4159,526.86
1735695300.0,Starlink-550 101,101,-45.6682,100.3825,524.35
1735695300.0,Starlink-550 102,102,-35.8525,117.6883,520.32
1735695300.0,Starlink-550 103,103,-24.1043,130.8862,515.79
1735695300.0,Starlink-550 104,104,-11.3899,141.7935,511.91
1735695300.0,Starlink-550 105,105,1.7111,151.7594,509.53
1735695300.0,Starlink-550 106,106,14.764,161.8673,509.01
1735695300.0,Starlink-550 107,107,27.3116,173.2438,510.13
1735695300.0,Starlink-550 108,108,38.6939,-172.6352,512.16
1735695300.0,Starlink-550 109,109,47.7767,-153.8532,514.16
1735695300.0,Starlink-550 110,110,53.0943,-110.8184,515.37
1735695300.0,Starlink-550 111,111,49.3443,-85.2891,514.52
1735695300.0,Starlink-550 112,112,41.0174,-65.2044,512.65
1735695300.0,Starlink-550 113,113,30.0349,-50.1992,510.55
1735695300.0,Starlink-550 114,114,17.6825,-38.3459,509.15
1735695300.0,Starlink-550 115,115,4.7006,-28.0562,509.26
1735695300.0,Starlink-550 116,116,-8.426,-18.1499,511.22
1735695300.0,Starlink-550 117,117,-21.271,-7.561,514.83
1735695300.0,Starlink-550 118,118,-33.3052,4.9729,519.29
1735695300.0,Starlink-550 119,119,-43.6771,21.1676,523.54
1735695300.0,Starlink-550 120,120,-50.9203,42.8187,526.47
1735695300.0,Starlink-550 121,121,-53.0944,69.1685,527.32
1735695300.0,Starlink-550 122,122,-49.3687,94.6213,525.85
1735695300.0,Starlink-550 123,123,-41.0862,114.6754,522.47
1735695300.0,Starlink-550 124,124,-30.1468,129.6763,518.04
1735695300.0,Starlink-550 125,125,-17.8259,141.5321,513.71
1735695300.0,Starlink-550 126,126,-4.8593,151.8238,510.5
1735695300.0,Starlink-550 127,127,8.2698,161.7298,509.04
1735695300.0,Starlink-550 128,128,21.1348,172.3163,509.4
1735695300.0,Starlink-550 129,129,33.2042,-175.1515,511.08
1735695300.0,Starlink-550 130,130,43.6211,-158.9477,513.22
1735695300.0,Starlink-550 131,131,50.9056,-137.2541,514.87
1735695300.0,Starlink-550 132,132,52.7435,-119.3639,515.29
1735695300.0,Starlink-550 133,133,51.9166,-92.5274,515.1
1735695300.0,Starlink-550 134,134,45.6224,-69.5077,513.67
1735695300.0,Starlink-550 135,135,35.7611,-52.1876,511.57
1735695300.0,Starlink-550 136,136,23.9748,-38.9903,509.7
1735695300.0,Starlink-550 137,137,11.2367,-28.0857,508.98
1735695300.0,Starlink-550 138,138,-1.8708,-18.1208,510.01
1735695300.0,Starlink-550 139,139,-14.9123,-8.0114,512.86
1735695300.0,Starlink-550 140,140,-27.4318,3.3679,517.02
1735695300.0,Starlink-550 141,141,-38.773,17.4871,521.52
1735695300.0,Starlink-550 142,142,-47.8103,36.2467,525.23
1735695300.0,Starlink-550 143,143,-52.746,60.6695,527.18
1735695300.0,Starlink-550 144,144,-51.9247,87.4159,526.86
1735695300.0,Starlink-550 145,145,-45.6682,110.3825,524.35
1735695300.0,Starlink-550 146,146,-35.8525,127.6883,520.32
1735695300.0,Starlink-550 147,147,-24.1043,140.8862,515.79
1735695300.0,Starlink-550 148,148,-11.3899,151.7935,511.91
1735695300.0,Starlink-550 149,149,1.7111,161.7594,509.53
1735695300.0,Starlink-550 150,150,14.764,171.8673,509.01
1735695300.0,Starlink-550 151,151,27.3116,-176.7562,510.13
1735695300.0,Starlink-550 152,152,38.6939,-162.6352,512.16
1735695300.0,Starlink-550 153,153,47.7767,-143.8532,514.16
1735695300.0,Starlink-550 154,154,53.0943,-100.8184,515.37
1735695300.0,Starlink-550 155,155,49.3443,-75.2891,514.52
1735695300.0,Starlink-550 156,156,41.0174,-55.2044,512.65
1735695300.0,Starlink-550 157,157,30.0349,-40.1992,510.55
1735695300.0,Starlink-550 158,158,17.6825,-28.3459,509.15
1735695300.0,Starlink-550 159,159,4.7006,-18.0562,509.26
1735695300.0,Starlink-550 160,160,-8.426,-8.1499,511.22
1735695300.0,Starlink-550 161,161,-21.271,2.439,514.83
1735695300.0,Starlink-550 162,162,-33.3052,14.9729,519.29
1735695300.0,Starlink-550 163,163,-43.6771,31.1676,523.54
1735695300.0,Starlink-550 164,164,-50.9203,52.8187,526.47
1735695300.0,Starlink-550 165,165,-53.0944,79.1685,527.32
1735695300.0,Starlink-550 166,166,-49.3687,104.6213,525.85
1735695300.0,Starlink-550 167,167,-41.0862,124.6754,522.47
1735695300.0,Starlink-550 168,168,-30.1468,139.6763,518.04
1735695300.0,Starlink-550 169,169,-17.8259,151.5321,513.71
1735695300.0,Starlink-550 170,170,-4.8593,161.8238,510.5
1735695300.0,Starlink-550 171,171,8.2698,171.7298,509.04
1735695300.0,Starlink-550 172,172,21.1348,-177.6837,509.4
1735695300.0,Starlink-550 173,173,33.2042,-165.1515,511.08
1735695300.0,Starlink-550 174,174,43.6211,-148.9477,513.22
1735695300.0,Starlink-550 175,175,50.9056,-127.2541,514.87
1735695300.0,Starlink-550 176,176,52.7435,-109.3639,515.29
1735695300.0,Starlink-550 177,177,51.9166,-82.5274,515.1
1735695300.0,Starlink-550 178,178,45.6224,-59.5077,513.67
1735695300.0,Starlink-550 179,179,35.7611,-42.1876,511.57
1735695300.0,Starlink-550 180,180,23.9748,-28.9903,509.7
1735695300.0,Starlink-550 181,181,11.2367,-18.0857,508.98
1735695300.0,Starlink-550 182,182,-1.8708,-8.1208,510.01
1735695300.0,Starlink-550 183,183,-14.9123,1.9886,512.86
1735695300.0,Starlink-550 184,184,-27.4318,13.3679,517.02
1735695300.0,Starlink-550 185,185,-38.773,27.4871,521.52
1735695300.0,Starlink-550 186,186,-47.8103,46.2467,525.23
1735695300.0,Starlink-550 187,187,-52.746,70.6695,527.18
1735695300.0,Starlink-550 188,188,-51.9247,97.4159,526.86
1735695300.0,Starlink-550 189,189,-45.6682,120.3825,524.35
1735695300.0,Starlink-550 190,190,-35.8525,137.6883,520.32
1735695300.0,Starlink-550 191,191,-24.1043,150.8862,515.79
1735695300.0,Starlink-550 192,192,-11.3899,161.7935,511.91
1735695300.0,Starlink-550 193,193,1.7111,171.7594,509.53
1735695300.0,Starlink-550 194,194,14.764,-178.1327,509.01
1735695300.0,Starlink-550 195,195,27.3116,-166.7562,510.13
1735695300.0,Starlink-550 196,196,38.6939,-152.6352,512.16
1735695300.0,Starlink-550 197,197,47.7767,-133.8532,514.16
1735695300.0,Starlink-550 198,198,53.0943,-90.8184,515.37
1735695300.0,Starlink-550 199,199,49.3443,-65.2891,514.52
1735695300.0,Starlink-550 200,200,41.0174,-45.2044,512.65
1735695300.0,Starlink-550 201,201,30.0349,-30.1992,510.55
1735695300.0,Starlink-550 202,202,17.6825,-18.3459,509.15
1735695300.0,Starlink-550 203,203,4.7006,-8.0562,509.26
1735695300.0,Starlink-550 204,204,-8.426,1.8501,511.22
1735695300.0,Starlink-550 205,205,-21.271,12.439,514.83
1735695300.0,Starlink-550 206,206,-33.3052,24.9729,519.29
1735695300.0,Starlink-550 207,207,-43.6771,41.1676,523.54
1735695300.0,Starlink-550 208,208,-50.9203,62.8187,526.47
1735695300.0,Starlink-550 209,209,-53.0944,89.1685,527.32
1735695300.0,Starlink-550 210,210,-49.3687,114.6213,525.85
1735695300.0,Starlink-550 211,211,-41.0862,134.6754,522.47
1735695300.0,Starlink-550 212,212,-30.1468,149.6763,518.04
1735695300.0,Starlink-550 213,213,-17.8259,161.5321,513.71
1735695300.0,Starlink-550 214,214,-4.8593,171.8238,510.5
1735695300.0,Starlink-550 215,215,8.2698,-178.2702,509.04
1735695300.0,Starlink-550 216,216,21.1348,-167.6837,509.4
1735695300.0,Starlink-550 217,217,33.2042,-155.1515,511.08
1735695300.0,Starlink-550 218,218,43.6211,-138.9477,513.22
1735695300.0,Starlink-550 219,219,50.9056,-117.2541,514.87
1735695300.0,Starlink-550 220,220,52.7435,-99.3639,515.29
1735695300.0,Starlink-550 221,221,51.9166,-72.5274,515.1
1735695300.0,Starlink-550 222,222,45.6224,-49.5077,513.67
1735695300.0,Starlink-550 223,223,35.7611,-32.1876,511.57
1735695300.0,Starlink-550 224,224,23.9748,-18.9903,509.7
1735695300.0,Starlink-550 225,225,11.2367,-8.0857,508.98
1735695300.0,Starlink-550 226,226,-1.8708,1.8792,510.01
1735695300.0,Starlink-550 227,227,-14.9123,11.9886,512.86
1735695300.0,Starlink-550 228,228,-27.4318,23.3679,517.02
1735695300.0,Starlink-550 229,229,-38.773,37.4871,521.52
1735695300.0,Starlink-550 230,230,-47.8103,56.2467,525.23
1735695300.0,Starlink-550 231,231,-52.746,80.6695,527.18
1735695300.0,Starlink-550 232,232,-51.9247,107.4159,526.86
1735695300.0,Starlink-550 233,233,-45.6682,130.3825,524.35
1735695300.0,Starlink-550 234,234,-35.8525,147.6883,520.32
1735695300.0,Starlink-550 235,235,-24.1043,160.8862,515.79
1735695300.0,Starlink-550 236,236,-11.3899,171.7935,511.91
1735695300.0,Starlink-550 237,237,1.7111,-178.2406,509.53
1735695300.0,Starlink-550 238,238,14.764,-168.1327,509.01
1735695300.0,Starlink-550 239,239,27.3116,-156.7562,510.13
1735695300.0,Starlink-550 240,240,38.6939,-142.6352,512.16
1735695300.0,Starlink-550 241,241,47.7767,-123.8532,514.16
1735695300.0,Starlink-550 242,242,53.0943,-80.8184,515.37
1735695300.0,Starlink-550 243,243,49.3443,-55.2891,514.52
1735695300.0,Starlink-550 244,244,41.0174,-35.2044,512.65
1735695300.0,Starlink-550 245,245,30.0349,-20.1992,510.55
1735695300.0,Starlink-550 246,246,17.6825,-8.3459,509.15
1735695300.0,Starlink-550 247,247,4.7006,1.9438,509.26
1735695300.0,Starlink-550 248,248,-8.426,11.8501,511.22
1735695300.0,Starlink-550 249,249,-21.271,22.439,514.83
1735695300.0,Starlink-550 250,250,-33.3052,34.9729,519.29
1735695300.0,Starlink-550 251,251,-43.6771,51.1676,523.54
1735695300.0,Starlink-550 252,252,-50.9203,72.8187,526.47
1735695300.0,Starlink-550 253,253,-53.0944,99.1685,527.32
1735695300.0,Starlink-550 254,254,-49.3687,124.6213,525.85
1735695300.0,Starlink-550 255,255,-41.0862,144.6754,522.47
1735695300.0,Starlink-550 256,256,-30.1468,159.6763,518.04
1735695300.0,Starlink-550 257,257,-17.8259,171.5321,513.71
1735695300.0,Starlink-550 258,258,-4.8593,-178.1762,510.5
1735695300.0,Starlink-550 259,259,8.2698,-168.2702,509.04
1735695300.0,Starlink-550 260,260,21.1348,-157.6837,509.4
1735695300.0,Starlink-550 261,261,33.2042,-145.1515,511.08
1735695300.0,Starlink-550 262,262,43.6211,-128.9477,513.22
1735695300.0,Starlink-550 263,263,50.9056,-107.2541,514.87
1735695300.0,Starlink-550 264,264,52.7435,-89.3639,515.29
1735695300.0,Starlink-550 265,265,51.9166,-62.5274,515.1
1735695300.0,Starlink-550 266,266,45.6224,-39.5077,513.67
1735695300.0,Starlink-550 267,267,35.7611,-22.1876,511.57
1735695300.0,Starlink-550 268,268,23.9748,-8.9903,509.7
1735695300.0,Starlink-550 269,269,11.2367,1.9143,508.98
1735695300.0,Starlink-550 270,270,-1.8708,11.8792,510.01
1735695300.0,Starlink-550 271,271,-14.9123,21.9886,512.86
1735695300.0,Starlink-550 272,272,-27.4318,33.3679,517.02
1735695300.0,Starlink-550 273,273,-38.773,47.4871,521.52
1735695300.0,Starlink-550 274,274,-47.8103,66.2467,525.23
1735695300.0,Starlink-550 275,275,-52.746,90.6695,527.18
1735695300.0,Starlink-550 276,276,-51.9247,117.4159,526.86
1735695300.0,Starlink-550 277,277,-45.6682,140.3825,524.35
1735695300.0,Starlink-550 278,278,-35.8525,157.6883,520.32
1735695300.0,Starlink-550 279,279,-24.1043,170.8862,515.79
1735695300.0,Starlink-550 280,280,-11.3899,-178.2065,511.91
1735695300.0,Starlink-550 281,281,1.7111,-168.2406,509.53
1735695300.0,Starlink-550 282,282,14.764,-158.1327,509.01
1735695300.0,Starlink-550 283,283,27.3116,-146.7562,510.13
1735695300.0,Starlink-550 284,284,38.6939,-132.6352,512.16
1735695300.0,Starlink-550 285,285,47.7767,-113.8532,514.16
1735695300.0,Starlink-550 286,286,53.0943,-70.8184,515.37
1735695300.0,Starlink-550 287,287,49.3443,-45.2891,514.52
1735695300.0,Starlink-550 288,288,41.0174,-25.2044,512.65
1735695300.0,Starlink-550 289,289,30.0349,-10.1992,510.55
1735695300.0,Starlink-550 290,290,17.6825,1.6541,509.15
1735695300.0,Starlink-550 291,291,4.7006,11.9438,509.26
1735695300.0,Starlink-550 292,292,-8.426,21.8501,511.22
1735695300.0,Starlink-550 293,293,-21.271,32.439,514.83
1735695300.0,Starlink-550 294,294,-33.3052,44.9729,519.29
1735695300.0,Starlink-550 295,295,-43.6771,61.1676,523.54
1735695300.0,Starlink-550 296,296,-50.9203,82.8187,526.47
1735695300.0,Starlink-550 297,297,-53.0944,109.1685,527.32
1735695300.0,Starlink-550 298,298,-49.3687,134.6213,525.85
1735695300.0,Starlink-550 299,299,-41.0862,154.6754,522.47
1735695300.0,Starlink-550 300,300,-30.1468,169.6763,518.04
1735695300.0,Starlink-550 301,301,-17.8259,-178.4679,513.71
1735695300.0,Starlink-550 302,302,-4.8593,-168.1762,510.5
1735695300.0,Starlink-550 303,303,8.2698,-158.2702,509.04
1735695300.0,Starlink-550 304,304,21.1348,-147.6837,509.4
1735695300.0,Starlink-550 305,305,33.2042,-135.1515,511.08
1735695300.0,Starlink-550 306,306,43.6211,-118.9477,513.22
1735695300.0,Starlink-550 307,307,50.9056,-97.2541,514.87
1735695300.0,Starlink-550 308,308,52.7435,-79.3639,515.29
1735695300.0,Starlink-550 309,309,51.9166,-52.5274,515.1
1735695300.0,Starlink-550 310,310,45.6224,-29.5077,513.67
1735695300.0,Starlink-550 311,311,35.7611,-12.1876,511.57
1735695300.0,Starlink-550 312,312,23.9748,1.0097,509.7
1735695300.0,Starlink-550 313,313,11.2367,11.9143,508.98
1735695300.0,Starlink-550 314,314,-1.8708,21.8792,510.01
1735695300.0,Starlink-550 315,315,-14.9123,31.9886,512.86
1735695300.0,Starlink-550 316,316,-27.4318,43.3679,517.02
1735695300.0,Starlink-550 317,317,-38.773,57.4871,521.52
1735695300.0,Starlink-550 318,318,-47.8103,76.2467,525.23
1735695300.0,Starlink-550 319,319,-52.746,100.6695,527.18
1735695300.0,Starlink-550 320,320,-51.9247,127.4159,526.86
1735695300.0,Starlink-550 321,321,-45.6682,150.3825,524.35
1735695300.0,Starlink-550 322,322,-35.8525,167.6883,520.32
1735695300.0,Starlink-550 323,323,-24.1043,-179.1138,515.79
1735695300.0,Starlink-550 324,324,-11.3899,-168.2065,511.91
1735695300.0,Starlink-550 325,325,1.7111,-158.2406,509.53
1735695300.0,Starlink-550 326,326,14.764,-148.1327,509.01
1735695300.0,Starlink-550 327,327,27.3116,-136.7562,510.13
1735695300.0,Starlink-550 328,328,38.6939,-122.6352,512.16
1735695300.0,Starlink-550 329,329,47.7767,-103.8532,514.16
1735695300.0,Starlink-550 330,330,53.0943,-60.8184,515.37
1735695300.0,Starlink-550 331,331,49.3443,-35.2891,514.52
1735695300.0,Starlink-550 332,332,41.0174,-15.2044,512.65
1735695300.0,Starlink-550 333,333,30.0349,-0.1992,510.55
1735695300.0,Starlink-550 334,334,17.6825,11.6541,509.15
1735695300.0,Starlink-550 335,335,4.7006,21.9438,509.26
1735695300.0,Starlink-550 336,336,-8.426,31.8501,511.22
1735695300.0,Starlink-550 337,337,-21.271,42.439,514.83
1735695300.0,Starlink-550 338,338,-33.3052,54.9729,519.29
1735695300.0,Starlink-550 339,339,-43.6771,71.1676,523.54
1735695300.0,Starlink-550 340,340,-50.9203,92.8187,526.47
1735695300.0,Starlink-550 341,341,-53.0944,119.1685,527.32
1735695300.0,Starlink-550 342,342,-49.3687,144.6213,525.85
1735695300.0,Starlink-550 343,343,-41.0862,164.6754,522.47
1735695300.0,Starlink-550 344,344,-30.1468,179.6763,518.04
1735695300.0,Starlink-550 345,345,-17.8259,-168.4679,513.71
1735695300.0,Starlink-550 346,346,-4.8593,-158.1762,510.5
1735695300.0,Starlink-550 347,347,8.2698,-148.2702,509.04
1735695300.0,Starlink-550 348,348,21.1348,-137.6837,509.4
1735695300.0,Starlink-550 349,349,33.2042,-125.1515,511.08
1735695300.0,Starlink-550 350,350,43.6211,-108.9477,513.22
1735695300.0,Starlink-550 351,351,50.9056,-87.2541,514.87
1735695300.0,Starlink-550 352,352,52.7435,-69.3639,515.29
1735695300.0,Starlink-550 353,353,51.9166,-42.5274,515.1
1735695300.0,Starlink-550 354,354,45.6224,-19.5077,513.67
1735695300.0,Starlink-550 355,355,35.7611,-2.1876,511.57
1735695300.0,Starlink-550 356,356,23.9748,11.0097,509.7
1735695300.0,Starlink-550 357,357,11.2367,21.9143,508.98
1735695300.0,Starlink-550 358,358,-1.8708,31.8792,510.01
1735695300.0,Starlink-550 359,359,-14.9123,41.9886,512.86
1735695300.0,Starlink-550 360,360,-27.4318,53.3679,517.02
1735695300.0,Starlink-550 361,361,-38.773,67.4871,521.52
1735695300.0,Starlink-550 362,362,-47.8103,86.2467,525.23
1735695300.0,Starlink-550 363,363,-52.746,110.6695,527.18
1735695300.0,Starlink-550 364,364,-51.9247,137.4159,526.86
1735695300.0,Starlink-550 365,365,-45.6682,160.3825,524.35
1735695300.0,Starlink-550 366,366,-35.8525,177.6883,520.32
1735695300.0,Starlink-550 367,367,-24.1043,-169.1138,515.79
1735695300.0,Starlink-550 368,368,-11.3899,-158.2065,511.91
1735695300.0,Starlink-550 369,369,1.7111,-148.2406,509.53
1735695300.0,Starlink-550 370,370,14.764,-138.1327,509.01
1735695300.0,Starlink-550 371,371,27.3116,-126.7562,510.13
1735695300.0,Starlink-550 372,372,38.6939,-112.6352,512.16
1735695300.0,Starlink-550 373,373,47.7767,-93.8532,514.16
1735695300.0,Starlink-550 374,374,53.0943,-50.8184,515.37
1735695300.0,Starlink-550 375,375,49.3443,-25.2891,514.52
1735695300.0,Starlink-550 376,376,41.0174,-5.2044,512.65
1735695300.0,Starlink-550 377,377,30.0349,9.8008,510.55
1735695300.0,Starlink-550 378,378,17.6825,21.6541,509.15
1735695300.0,Starlink-550 379,379,4.7006,31.9438,509.26
1735695300.0,Starlink-550 380,380,-8.426,41.8501,511.22
1735695300.0,Starlink-550 381,381,-21.271,52.439,514.83
1735695300.0,Starlink-550 382,382,-33.3052,64.9729,519.29
1735695300.0,Starlink-550 383,383,-43.6771,81.1676,523.54
1735695300.0,Starlink-550 384,384,-50.9203,102.8187,526.47
1735695300.0,Starlink-550 385,385,-53.0944,129.1685,527.32
1735695300.0,Starlink-550 386,386,-49.3687,154.6213,525.85
1735695300.0,Starlink-550 387,387,-41.0862,174.6754,522.47
1735695300.0,Starlink-550 388,388,-30.1468,-170.3237,518.04
1735695300.0,Starlink-550 389,389,-17.8259,-158.4679,513.71
1735695300.0,Starlink-550 390,390,-4.8593,-148.1762,510.5
1735695300.0,Starlink-550 391,391,8.2698,-138.2702,509.04
1735695300.0,Starlink-550 392,392,21.1348,-127.6837,509.4
1735695300.0,Starlink-550 393,393,33.2042,-115.1515,511.08
1735695300.0,Starlink-550 394,394,43.6211,-98.9477,513.22
1735695300.0,Starlink-550 395,395,50.9056,-77.2541,514.87
1735695300.0,Starlink-550 396,396,52.7435,-59.3639,515.29
1735695300.0,Starlink-550 397,397,51.9166,-32.5274,515.1
1735695300.0,Starlink-550 398,398,45.6224,-9.5077,513.67
1735695300.0,Starlink-550 399,399,35.7611,7.8124,511.57
1735695300.0,Starlink-550 400,400,23.9748,21.0097,509.7
1735695300.0,Starlink-550 401,401,11.2367,31.9143,508.98
1735695300.0,Starlink-550 402,402,-1.8708,41.8792,510.01
1735695300.0,Starlink-550 403,403,-14.9123,51.9886,512.86
1735695300.0,Starlink-550 404,404,-27.4318,63.3679,517.02
1735695300.0,Starlink-550 405,405,-38.773,77.4871,521.52
1735695300.0,Starlink-550 406,406,-47.8103,96.2467,525.23
1735695300.0,Starlink-550 407,407,-52.746,120.6695,527.18
1735695300.0,Starlink-550 408,408,-51.9247,147.4159,526.86
1735695300.0,Starlink-550 409,409,-45.6682,170.3825,524.35
1735695300.0,Starlink-550 410,410,-35.8525,-172.3117,520.32
1735695300.0,Starlink-550 411,411,-24.1043,-159.1138,515.79
1735695300.0,Starlink-550 412,412,-11.3899,-148.2065,511.91
1735695300.0,Starlink-550 413,413,1.7111,-138.2406,509.53
1735695300.0,Starlink-550 414,414,14.764,-128.1327,509.01
1735695300.0,Starlink-550 415,415,27.3116,-116.7562,510.13
1735695300.0,Starlink-550 416,416,38.6939,-102.6352,512.16
1735695300.0,Starlink-550 417,417,47.7767,-83.8532,514.16
1735695300.0,Starlink-550 418,418,53.0943,-40.8184,515.37
1735695300.0,Starlink-550 419,419,49.3443,-15.2891,514.52
1735695300.0,Starlink-550 420,420,41.0174,4.7956,512.65
1735695300.0,Starlink-550 421,421,30.0349,19.8008,510.55
1735695300.0,Starlink-550 422,422,17.6825,31.6541,509.15
1735695300.0,Starlink-550 423,423,4.7006,41.9438,509.26
1735695300.0,Starlink-550 424,424,-8.426,51.8501,511.22
1735695300.0,Starlink-550 425,425,-21.271,62.439,514.83
1735695300.0,Starlink-550 426,426,-33.3052,74.9729,519.29
1735695300.0,Starlink-550 427,427,-43.6771,91.1676,523.54
1735695300.0,Starlink-550 428,428,-50.9203,112.8187,526.47
1735695300.0,Starlink-550 429,429,-53.0944,139.1685,527.32
1735695300.0,Starlink-550 430,430,-49.3687,164.6213,525.85
1735695300.0,Starlink-550 431,431,-41.0862,-175.3246,522.47
1735695300.0,Starlink-550 432,432,-30.1468,-160.3237,518.04
1735695300.0,Starlink-550 433,433,-17.8259,-148.4679,513.71
1735695300.0,Starlink-550 434,434,-4.8593,-138.1762,510.5
1735695300.0,Starlink-550 435,435,8.2698,-128.2702,509.04
1735695300.0,Starlink-550 436,436,21.1348,-117.6837,509.4
1735695300.0,Starlink-550 437,437,33.2042,-105.1515,511.08
1735695300.0,Starlink-550 438,438,43.6211,-88.9477,513.22
1735695300.0,Starlink-550 439,439,50.9056,-67.2541,514.87
1735695300.0,Starlink-550 440,440,52.7435,-49.3639,515.29
1735695300.0,Starlink-550 441,441,51.9166,-22.5274,515.1
1735695300.0,Starlink-550 442,442,45.6224,0.4923,513.67
1735695300.0,Starlink-550 443,443,35.7611,17.8124,511.57
1735695300.0,Starlink-550 444,444,23.9748,31.0097,509.7
1735695300.0,Starlink-550 445,445,11.2367,41.9143,508.98
1735695300.0,Starlink-550 446,446,-1.8708,51.8792,510.01
1735695300.0,Starlink-550 447,447,-14.9123,61.9886,512.86
1735695300.0,Starlink-550 448,448,-27.4318,73.3679,517.02
1735695300.0,Starlink-550 449,449,-38.773,87.4871,521.52
1735695300.0,Starlink-550 450,450,-47.8103,106.2467,525.23
1735695300.0,Starlink-550 451,451,-52.746,130.6695,527.18
1735695300.0,Starlink-550 452,452,-51.9247,157.4159,526.86
1735695300.0,Starlink-550 453,453,-45.6682,-179.6175,524.35
1735695300.0,Starlink-550 454,454,-35.8525,-162.3117,520.32
1735695300.0,Starlink-550 455,455,-24.1043,-149.1138,515.79
1735695300.0,Starlink-550 456,456,-11.3899,-138.2065,511.91
1735695300.0,Starlink-550 457,457,1.7111,-128.2406,509.53
1735695300.0,Starlink-550 458,458,14.764,-118.1327,509.01
1735695300.0,Starlink-550 459,459,27.3116,-106.7562,510.13
1735695300.0,Starlink-550 460,460,38.6939,-92.6352,512.16
1735695300.0,Starlink-550 461,461,47.7767,-73.8532,514.16
1735695300.0,Starlink-550 462,462,53.0943,-30.8184,515.37
1735695300.0,Starlink-550 463,463,49.3443,-5.2891,514.52
1735695300.0,Starlink-550 464,464,41.0174,14.7956,512.65
1735695300.0,Starlink-550 465,465,30.0349,29.8008,510.55
1735695300.0,Starlink-550 466,466,17.6825,41.6541,509.15
1735695300.0,Starlink-550 467,467,4.7006,51.9438,509.26
1735695300.0,Starlink-550 468,468,-8.426,61.8501,511.22
1735695300.0,Starlink-550 469,469,-21.271,72.439,514.83
1735695300.0,Starlink-550 470,470,-33.3052,84.9729,519.29
1735695300.0,Starlink-550 471,471,-43.6771,101.1676,523.54
1735695300.0,Starlink-550 472,472,-50.9203,122.8187,526.47
1735695300.0,Starlink-550 473,473,-53.0944,149.1685,527.32
1735695300.0,Starlink-550 474,474,-49.3687,174.6213,525.85
1735695300.0,Starlink-550 475,475,-41.0862,-165.3246,522.47
1735695300.0,Starlink-550 476,476,-30.1468,-150.3237,518.04
1735695300.0,Starlink-550 477,477,-17.8259,-138.4679,513.71
1735695300.0,Starlink-550 478,478,-4.8593,-128.1762,510.5
1735695300.0,Starlink-550 479,479,8.2698,-118.2702,509.04
1735695300.0,Starlink-550 480,480,21.1348,-107.6837,509.4
1735695300.0,Starlink-550 481,481,33.2042,-95.1515,511.08
1735695300.0,Starlink-550 482,482,43.6211,-78.9477,513.22
1735695300.0,Starlink-550 483,483,50.9056,-57.2541,514.87
1735695300.0,Starlink-550 484,484,52.7435,-39.3639,515.29
1735695300.0,Starlink-550 485,485,51.9166,-12.5274,515.1
1735695300.0,Starlink-550 486,486,45.6224,10.4923,513.67
1735695300.0,Starlink-550 487,487,35.7611,27.8124,511.57
1735695300.0,Starlink-550 488,488,23.9748,41.0097,509.7
1735695300.0,Starlink-550 489,489,11.2367,51.9143,508.98
1735695300.0,Starlink-550 490,490,-1.8708,61.8792,510.01
1735695300.0,Starlink-550 491,491,-14.9123,71.9886,512.86
1735695300.0,Starlink-550 492,492,-27.4318,83.3679,517.02
1735695300.0,Starlink-550 493,493,-38.773,97.4871,521.52
1735695300.0,Starlink-550 494,494,-47.8103,116.2467,525.23
1735695300.0,Starlink-550 495,495,-52.746,140.6695,527.18
1735695300.0,Starlink-550 496,496,-51.9247,167.4159,526.86
1735695300.0,Starlink-550 497,497,-45.6682,-169.6175,524.35
1735695300.0,Starlink-550 498,498,-35.8525,-152.3117,520.32
1735695300.0,Starlink-550 499,499,-24.1043,-139.1138,515.79
1735695300.0,Starlink-550 500,500,-11.3899,-128.2065,511.91
1735695300.0,Starlink-550 501,501,1.7111,-118.2406,509.53
1735695300.0,Starlink-550 502,502,14.764,-108.1327,509.01
1735695300.0,Starlink-550 503,503,27.3116,-96.7562,510.13
1735695300.0,Starlink-550 504,504,38.6939,-82.6352,512.16
1735695300.0,Starlink-550 505,505,47.7767,-63.8532,514.16
1735695300.0,Starlink-550 506,506,53.0943,-20.8184,515.37
1735695300.0,Starlink-550 507,507,49.3443,4.7109,514.52
1735695300.0,Starlink-550 508,508,41.0174,24.7956,512.65
1735695300.0,Starlink-550 509,509,30.0349,39.8008,510.55
1735695300.0,Starlink-550 510,510,17.6825,51.6541,509.15
1735695300.0,Starlink-550 511,511,4.7006,61.9438,509.26
1735695300.0,Starlink-550 512,512,-8.426,71.8501,511.22
1735695300.0,Starlink-550 513,513,-21.271,82.439,514.83
1735695300.0,Starlink-550 514,514,-33.3052,94.9729,519.29
1735695300.0,Starlink-550 515,515,-43.6771,111.1676,523.54
1735695300.0,Starlink-550 516,516,-50.9203,132.8187,526.47
1735695300.0,Starlink-550 517,517,-53.0944,159.1685,527.32
1735695300.0,Starlink-550 518,518,-49.3687,-175.3787,525.85
1735695300.0,Starlink-550 519,519,-41.0862,-155.3246,522.47
1735695300.0,Starlink-550 520,520,-30.1468,-140.3237,518.04
1735695300.0,Starlink-550 521,521,-17.8259,-128.4679,513.71
1735695300.0,Starlink-550 522,522,-4.8593,-118.1762,510.5
1735695300.0,Starlink-550 523,523,8.2698,-108.2702,509.04
1735695300.0,Starlink-550 524,524,21.1348,-97.6837,509.4
1735695300.0,Starlink-550 525,525,33.2042,-85.1515,511.08
1735695300.0,Starlink-550 526,526,43.6211,-68.9477,513.22
1735695300.0,Starlink-550 527,527,50.9056,-47.2541,514.87
1735695300.0,Starlink-550 528,528,52.7435,-29.3639,515.29
1735695300.0,Starlink-550 529,529,51.9166,-2.5274,515.1
1735695300.0,Starlink-550 530,530,45.6224,20.4923,513.67
1735695300.0,Starlink-550 531,531,35.7611,37.8124,511.57
1735695300.0,Starlink-550 532,532,23.9748,51.0097,509.7
1735695300.0,Starlink-550 533,533,11.2367,61.9143,508.98
1735695300.0,Starlink-550 534,534,-1.8708,71.8792,510.01
1735695300.0,Starlink-550 535,535,-14.9123,81.9886,512.86
1735695300.0,Starlink-550 536,536,-27.4318,93.3679,517.02
1735695300.0,Starlink-550 537,537,-38.773,107.4871,521.52
1735695300.0,Starlink-550 538,538,-47.8103,126.2467,525.23
1735695300.0,Starlink-550 539,539,-52.746,150.6695,527.18
1735695300.0,Starlink-550 540,540,-51.9247,177.4159,526.86
1735695300.0,Starlink-550 541,541,-45.6682,-159.6175,524.35
1735695300.0,Starlink-550 542,542,-35.8525,-142.3117,520.32
1735695300.0,Starlink-550 543,543,-24.1043,-129.1138,515.79
1735695300.0,Starlink-550 544,544,-11.3899,-118.2065,511.91
1735695300.0,Starlink-550 545,545,1.7111,-108.2406,509.53
1735695300.0,Starlink-550 546,546,14.764,-98.1327,509.01
1735695300.0,Starlink-550 547,547,27.3116,-86.7562,510.13
1735695300.0,Starlink-550 548,548,38.6939,-72.6352,512.16
1735695300.0,Starlink-550 549,549,47.7767,-53.8532,514.16
1735695300.0,Starlink-550 550,550,53.0943,-10.8184,515.37
1735695300.0,Starlink-550 551,551,49.3443,14.7109,514.52
1735695300.0,Starlink-550 552,552,41.0174,34.7956,512.65
1735695300.0,Starlink-550 553,553,30.0349,49.8008,510.55
1735695300.0,Starlink-550 554,554,17.6825,61.6541,509.15
1735695300.0,Starlink-550 555,555,4.7006,71.9438,509.26
1735695300.0,Starlink-550 556,556,-8.426,81.8501,511.22
1735695300.0,Starlink-550 557,557,-21.271,92.439,514.83
1735695300.0,Starlink-550 558,558,-33.3052,104.9729,519.29
1735695300.0,Starlink-550 559,559,-43.6771,121.1676,523.54
1735695300.0,Starlink-550 560,560,-50.9203,142.8187,526.47
1735695300.0,Starlink-550 561,561,-53.0944,169.1685,527.32
1735695300.0,Starlink-550 562,562,-49.3687,-165.3787,525.85
1735695300.0,Starlink-550 563,563,-41.0862,-145.3246,522.47
1735695300.0,Starlink-550 564,564,-30.1468,-130.3237,518.04
1735695300.0,Starlink-550 565,565,-17.8259,-118.4679,513.71
1735695300.0,Starlink-550 566,566,-4.8593,-108.1762,510.5
1735695300.0,Starlink-550 567,567,8.2698,-98.2702,509.04
1735695300.0,Starlink-550 568,568,21.1348,-87.6837,509.4
1735695300.0,Starlink-550 569,569,33.2042,-75.1515,511.08
1735695300.0,Starlink-550 570,570,43.6211,-58.9477,513.22
1735695300.0,Starlink-550 571,571,50.9056,-37.2541,514.87
1735695300.0,Starlink-550 572,572,52.7435,-19.3639,515.29
1735695300.0,Starlink-550 573,573,51.9166,7.4726,515.1
1735695300.0,Starlink-550 574,574,45.6224,30.4923,513.67
1735695300.0,Starlink-550 575,575,35.7611,47.8124,511.57
1735695300.0,Starlink-550 576,576,23.9748,61.0097,509.7
1735695300.0,Starlink-550 577,577,11.2367,71.9143,508.98
1735695300.0,Starlink-550 578,578,-1.8708,81.8792,510.01
1735695300.0,Starlink-550 579,579,-14.9123,91.9886,512.86
1735695300.0,Starlink-550 580,580,-27.4318,103.3679,517.02
1735695300.0,Starlink-550 581,581,-38.773,117.4871,521.52
1735695300.0,Starlink-550 582,582,-47.8103,136.2467,525.23
1735695300.0,Starlink-550 583,583,-52.746,160.6695,527.18
1735695300.0,Starlink-550 584,584,-51.9247,-172.5841,526.86
1735695300.0,Starlink-550 585,585,-45.6682,-149.6175,524.35
1735695300.0,Starlink-550 586,586,-35.8525,-132.3117,520.32
1735695300.0,Starlink-550 587,587,-24.1043,-119.1138,515.79
1735695300.0,Starlink-550 588,588,-11.3899,-108.2065,511.91
1735695300.0,Starlink-550 589,589,1.7111,-98.2406,509.53
1735695300.0,Starlink-550 590,590,14.764,-88.1327,509.01
1735695300.0,Starlink-550 591,591,27.3116,-76.7562,510.13
1735695300.0,Starlink-550 592,592,38.6939,-62.6352,512.16
1735695300.0,Starlink-550 593,593,47.7767,-43.8532,514.16
1735695300.0,Starlink-550 594,594,53.0943,-0.8184,515.37
1735695300.0,Starlink-550 595,595,49.3443,24.7109,514.52
1735695300.0,Starlink-550 596,596,41.0174,44.7956,512.65
1735695300.0,Starlink-550 597,597,30.0349,59.8008,510.55
1735695300.0,Starlink-550 598,598,17.6825,71.6541,509.15
1735695300.0,Starlink-550 599,599,4.7006,81.9438,509.26
1735695300.0,Starlink-550 600,600,-8.426,91.8501,511.22
1735695300.0,Starlink-550 601,601,-21.271,102.439,514.83
1735695300.0,Starlink-550 602,602,-33.3052,114.9729,519.29
1735695300.0,Starlink-550 603,603,-43.6771,131.1676,523.54
1735695300.0,Starlink-550 604,604,-50.9203,152.8187,526.47
1735695300.0,Starlink-550 605,605,-53.0944,179.1685,527.32
1735695300.0,Starlink-550 606,606,-49.3687,-155.3787,525.85
1735695300.0,Starlink-550 607,607,-41.0862,-135.3246,522.47
1735695300.0,Starlink-550 608,608,-30.1468,-120.3237,518.04
1735695300.0,Starlink-550 609,609,-17.8259,-108.4679,513.71
1735695300.0,Starlink-550 610,610,-4.8593,-98.1762,510.5
1735695300.0,Starlink-550 611,611,8.2698,-88.2702,509.04
1735695300.0,Starlink-550 612,612,21.1348,-77.6837,509.4
1735695300.0,Starlink-550 613,613,33.2042,-65.1515,511.08
1735695300.0,Starlink-550 614,614,43.6211,-48.9477,513.22
1735695300.0,Starlink-550 615,615,50.9056,-27.2541,514.87
1735695300.0,Starlink-550 616,616,52.7435,-9.3639,515.29
1735695300.0,Starlink-550 617,617,51.9166,17.4726,515.1
1735695300.0,Starlink-550 618,618,45.6224,40.4923,513.67
1735695300.0,Starlink-550 619,619,35.7611,57.8124,511.57
1735695300.0,Starlink-550 620,620,23.9748,71.0097,509.7
1735695300.0,Starlink-550 621,621,11.2367,81.9143,508.98
1735695300.0,Starlink-550 622,622,-1.8708,91.8792,510.01
1735695300.0,Starlink-550 623,623,-14.9123,101.9886,512.86
1735695300.0,Starlink-550 624,624,-27.4318,113.3679,517.02
1735695300.0,Starlink-550 625,625,-38.773,127.4871,521.52
1735695300.0,Starlink-550 626,626,-47.8103,146.2467,525.23
1735695300.0,Starlink-550 627,627,-52.746,170.6695,527.18
1735695300.0,Starlink-550 628,628,-51.9247,-162.5841,526.86
1735695300.0,Starlink-550 629,629,-45.6682,-139.6175,524.35
1735695300.0,Starlink-550 630,630,-35.8525,-122.3117,520.32
1735695300.0,Starlink-550 631,631,-24.1043,-109.1138,515.79
1735695300.0,Starlink-550 632,632,-11.3899,-98.2065,511.91
1735695300.0,Starlink-550 633,633,1.7111,-88.2406,509.53
1735695300.0,Starlink-550 634,634,14.764,-78.1327,509.01
1735695300.0,Starlink-550 635,635,27.3116,-66.7562,510.13
1735695300.0,Starlink-550 636,636,38.6939,-52.6352,512.16
1735695300.0,Starlink-550 637,637,47.7767,-33.8532,514.16
1735695300.0,Starlink-550 638,638,53.0943,9.1816,515.37
1735695300.0,Starlink-550 639,639,49.3443,34.7109,514.52
1735695300.0,Starlink-550 640,640,41.0174,54.7956,512.65
1735695300.0,Starlink-550 641,641,30.0349,69.8008,510.55
1735695300.0,Starlink-550 642,642,17.6825,81.6541,509.15
1735695300.0,Starlink-550 643,643,4.7006,91.9438,509.26
1735695300.0,Starlink-550 644,644,-8.426,101.8501,511.22
1735695300.0,Starlink-550 645,645,-21.271,112.439,514.83
1735695300.0,Starlink-550 646,646,-33.3052,124.9729,519.29
1735695300.0,Starlink-550 647,647,-43.6771,141.1676,523.54
1735695300.0,Starlink-550 648,648,-50.9203,162.8187,526.47
1735695300.0,Starlink-550 649,649,-53.0944,-170.8315,527.32
1735695300.0,Starlink-550 650,650,-49.3687,-145.3787,525.85
1735695300.0,Starlink-550 651,651,-41.0862,-125.3246,522.47
1735695300.0,Starlink-550 652,652,-30.1468,-110.3237,518.04
1735695300.0,Starlink-550 653,653,-17.8259,-98.4679,513.71
1735695300.0,Starlink-550 654,654,-4.8593,-88.1762,510.5
1735695300.0,Starlink-550 655,655,8.2698,-78.2702,509.04
1735695300.0,Starlink-550 656,656,21.1348,-67.6837,509.4
1735695300.0,Starlink-550 657,657,33.2042,-55.1515,511.08
1735695300.0,Starlink-550 658,658,43.6211,-38.9477,513.22
1735695300.0,Starlink-550 659,659,50.9056,-17.2541,514.87
1735695300.0,Starlink-550 660,660,52.7435,0.6361,515.29
1735695300.0,Starlink-550 661,661,51.9166,27.4726,515.1
1735695300.0,Starlink-550 662,662,45.6224,50.4923,513.67
1735695300.0,Starlink-550 663,663,35.7611,67.8124,511.57
1735695300.0,Starlink-550 664,664,23.9748,81.0097,509.7
1735695300.0,Starlink-550 665,665,11.2367,91.9143,508.98
1735695300.0,Starlink-550 666,666,-1.8708,101.8792,510.01
1735695300.0,Starlink-550 667,667,-14.9123,111.9886,512.86
1735695300.0,Starlink-550 668,668,-27.4318,123.3679,517.02
1735695300.0,Starlink-550 669,669,-38.773,137.4871,521.52
1735695300.0,Starlink-550 670,670,-47.8103,156.2467,525.23
1735695300.0,Starlink-550 671,671,-52.746,-179.3305,527.18
1735695300.0,Starlink-550 672,672,-51.9247,-152.5841,526.86
1735695300.0,Starlink-550 673,673,-45.6682,-129.6175,524.35
1735695300.0,Starlink-550 674,674,-35.8525,-112.3117,520.32
1735695300.0,Starlink-550 675,675,-24.1043,-99.1138,515.79
1735695300.0,Starlink-550 676,676,-11.3899,-88.2065,511.91
1735695300.0,Starlink-550 677,677,1.7111,-78.2406,509.53
1735695300.0,Starlink-550 678,678,14.764,-68.1327,509.01
1735695300.0,Starlink-550 679,679,27.3116,-56.7562,510.13
1735695300.0,Starlink-550 680,680,38.6939,-42.6352,512.16
1735695300.0,Starlink-550 681,681,47.7767,-23.8532,514.16
1735695300.0,Starlink-550 682,682,53.0943,19.1816,515.37
1735695300.0,Starlink-550 683,683,49.3443,44.7109,514.52
1735695300.0,Starlink-550 684,684,41.0174,64.7956,512.65
1735695300.0,Starlink-550 685,685,30.0349,79.8008,510.55
1735695300.0,Starlink-550 686,686,17.6825,91.6541,509.15
1735695300.0,Starlink-550 687,687,4.7006,101.9438,509.26
1735695300.0,Starlink-550 688,688,-8.426,111.8501,511.22
1735695300.0,Starlink-550 689,689,-21.271,122.439,514.83
1735695300.0,Starlink-550 690,690,-33.3052,134.9729,519.29
1735695300.0,Starlink-550 691,691,-43.6771,151.1676,523.54
1735695300.0,Starlink-550 692,692,-50.9203,172.8187,526.47
1735695300.0,Starlink-550 693,693,-53.0944,-160.8315,527.32
1735695300.0,Starlink-550 694,694,-49.3687,-135.3787,525.85
1735695300.0,Starlink-550 695,695,-41.0862,-115.3246,522.47
1735695300.0,Starlink-550 696,696,-30.1468,-100.3237,518.04
1735695300.0,Starlink-550 697,697,-17.8259,-88.4679,513.71
1735695300.0,Starlink-550 698,698,-4.8593,-78.1762,510.5
1735695300.0,Starlink-550 699,699,8.2698,-68.2702,509.04
1735695300.0,Starlink-550 700,700,21.1348,-57.6837,509.4
1735695300.0,Starlink-550 701,701,33.2042,-45.1515,511.08
1735695300.0,Starlink-550 702,702,43.6211,-28.9477,513.22
1735695300.0,Starlink-550 703,703,50.9056,-7.2541,514.87
1735695300.0,Starlink-550 704,704,52.7435,10.6361,515.29
1735695300.0,Starlink-550 705,705,51.9166,37.4726,515.1
1735695300.0,Starlink-550 706,706,45.6224,60.4923,513.67
1735695300.0,Starlink-550 707,707,35.7611,77.8124,511.57
1735695300.0,Starlink-550 708,708,23.9748,91.0097,509.7
1735695300.0,Starlink-550 709,709,11.2367,101.9143,508.98
1735695300.0,Starlink-550 710,710,-1.8708,111.8792,510.01
1735695300.0,Starlink-550 711,711,-14.9123,121.9886,512.86
1735695300.0,Starlink-550 712,712,-27.4318,133.3679,517.02
1735695300.0,Starlink-550 713,713,-38.773,147.4871,521.52
1735695300.0,Starlink-550 714,714,-47.8103,166.2467,525.23
1735695300.0,Starlink-550 715,715,-52.746,-169.3305,527.18
1735695300.0,Starlink-550 716,716,-51.9247,-142.5841,526.86
1735695300.0,Starlink-550 717,717,-45.6682,-119.6175,524.35
1735695300.0,Starlink-550 718,718,-35.8525,-102.3117,520.32
1735695300.0,Starlink-550 719,719,-24.1043,-89.1138,515.79
1735695300.0,Starlink-550 720,720,-11.3899,-78.2065,511.91
1735695300.0,Starlink-550 721,721,1.7111,-68.2406,509.53
1735695300.0,Starlink-550 722,722,14.764,-58.1327,509.01
1735695300.0,Starlink-550 723,723,27.3116,-46.7562,510.13
1735695300.0,Starlink-550 724,724,38.6939,-32.6352,512.16
1735695300.0,Starlink-550 725,725,47.7767,-13.8532,514.16
1735695300.0,Starlink-550 726,726,53.0943,29.1816,515.37
1735695300.0,Starlink-550 727,727,49.3443,54.7109,514.52
1735695300.0,Starlink-550 728,728,41.0174,74.7956,512.65
1735695300.0,Starlink-550 729,729,30.0349,89.8008,510.55
1735695300.0,Starlink-550 730,730,17.6825,101.6541,509.15
1735695300.0,Starlink-550 731,731,4.7006,111.9438,509.26
1735695300.0,Starlink-550 732,732,-8.426,121.8501,511.22
1735695300.0,Starlink-550 733,733,-21.271,132.439,514.83
1735695300.0,Starlink-550 734,734,-33.3052,144.9729,519.29
1735695300.0,Starlink-550 735,735,-43.6771,161.1676,523.54
1735695300.0,Starlink-550 736,736,-50.9203,-177.1813,526.47
1735695300.0,Starlink-550 737,737,-53.0944,-150.8315,527.32
1735695300.0,Starlink-550 738,738,-49.3687,-125.3787,525.85
1735695300.0,Starlink-550 739,739,-41.0862,-105.3246,522.47
1735695300.0,Starlink-550 740,740,-30.1468,-90.3237,518.04
1735695300.0,Starlink-550 741,741,-17.8259,-78.4679,513.71
1735695300.0,Starlink-550 742,742,-4.8593,-68.1762,510.5
1735695300.0,Starlink-550 743,743,8.2698,-58.2702,509.04
1735695300.0,Starlink-550 744,744,21.1348,-47.6837,509.4
1735695300.0,Starlink-550 745,745,33.2042,-35.1515,511.08
1735695300.0,Starlink-550 746,746,43.6211,-18.9477,513.22
1735695300.0,Starlink-550 747,747,50.9056,2.7459,514.87
1735695300.0,Starlink-550 748,748,52.7435,20.6361,515.29
1735695300.0,Starlink-550 749,749,51.9166,47.4726,515.1
1735695300.0,Starlink-550 750,750,45.6224,70.4923,513.67
1735695300.0,Starlink-550 751,751,35.7611,87.8124,511.57
1735695300.0,Starlink-550 752,752,23.9748,101.0097,509.7
1735695300.0,Starlink-550 753,753,11.2367,111.9143,508.98
1735695300.0,Starlink-550 754,754,-1.8708,121.8792,510.01
1735695300.0,Starlink-550 755,755,-14.9123,131.9886,512.86
1735695300.0,Starlink-550 756,756,-27.4318,143.3679,517.02
1735695300.0,Starlink-550 757,757,-38.773,157.4871,521.52
1735695300.0,Starlink-550 758,758,-47.8103,176.2467,525.23
1735695300.0,Starlink-550 759,759,-52.746,-159.3305,527.18
1735695300.0,Starlink-550 760,760,-51.9247,-132.5841,526.86
1735695300.0,Starlink-550 761,761,-45.6682,-109.6175,524.35
1735695300.0,Starlink-550 762,762,-35.8525,-92.3117,520.32
1735695300.0,Starlink-550 763,763,-24.1043,-79.1138,515.79
1735695300.0,Starlink-550 764,764,-11.3899,-68.2065,511.91
1735695300.0,Starlink-550 765,765,1.7111,-58.2406,509.53
1735695300.0,Starlink-550 766,766,14.764,-48.1327,509.01
1735695300.0,Starlink-550 767,767,27.3116,-36.7562,510.13
1735695300.0,Starlink-550 768,768,38.6939,-22.6352,512.16
1735695300.0,Starlink-550 769,769,47.7767,-3.8532,514.16
1735695300.0,Starlink-550 770,770,53.0943,39.1816,515.37
1735695300.0,Starlink-550 771,771,49.3443,64.7109,514.52
1735695300.0,Starlink-550 772,772,41.0174,84.7956,512.65
1735695300.0,Starlink-550 773,773,30.0349,99.8008,510.55
1735695300.0,Starlink-550 774,774,17.6825,111.6541,509.15
1735695300.0,Starlink-550 775,775,4.7006,121.9438,509.26
1735695300.0,Starlink-550 776,776,-8.426,131.8501,511.22
1735695300.0,Starlink-550 777,777,-21.271,142.439,514.83
1735695300.0,Starlink-550 778,778,-33.3052,154.9729,519.29
1735695300.0,Starlink-550 779,779,-43.6771,171.1676,523.54
1735695300.0,Starlink-550 780,780,-50.9203,-167.1813,526.47
1735695300.0,Starlink-550 781,781,-53.0944,-140.8315,527.32
1735695300.0,Starlink-550 782,782,-49.3687,-115.3787,525.85
1735695300.0,Starlink-550 783,783,-41.0862,-95.3246,522.47
1735695300.0,Starlink-550 784,784,-30.1468,-80.3237,518.04
1735695300.0,Starlink-550 785,785,-17.8259,-68.4679,513.71
1735695300.0,Starlink-550 786,786,-4.8593,-58.1762,510.5
1735695300.0,Starlink-550 787,787,8.2698,-48.2702,509.04
1735695300.0,Starlink-550 788,788,21.1348,-37.6837,509.4
1735695300.0,Starlink-550 789,789,33.2042,-25.1515,511.08
1735695300.0,Starlink-550 790,790,43.6211,-8.9477,513.22
1735695300.0,Starlink-550 791,791,50.9056,12.7459,514.87
1735695300.0,Starlink-550 792,792,52.7435,30.6361,515.29
1735695300.0,Starlink-550 793,793,51.9166,57.4726,515.1
1735695300.0,Starlink-550 794,794,45.6224,80.4923,513.67
1735695300.0,Starlink-550 795,795,35.7611,97.8124,511.57
1735695300.0,Starlink-550 796,796,23.9748,111.0097,509.7
1735695300.0,Starlink-550 797,797,11.2367,121.9143,508.98
1735695300.0,Starlink-550 798,798,-1.8708,131.8792,510.01
1735695300.0,Starlink-550 799,799,-14.9123,141.9886,512.86
1735695300.0,Starlink-550 800,800,-27.4318,153.3679,517.02
1735695300.0,Starlink-550 801,801,-38.773,167.4871,521.52
1735695300.0,Starlink-550 802,802,-47.8103,-173.7533,525.23
1735695300.0,Starlink-550 803,803,-52.746,-149.3305,527.18
1735695300.0,Starlink-550 804,804,-51.9247,-122.5841,526.86
1735695300.0,Starlink-550 805,805,-45.6682,-99.6175,524.35
1735695300.0,Starlink-550 806,806,-35.8525,-82.3117,520.32
1735695300.0,Starlink-550 807,807,-24.1043,-69.1138,515.79
1735695300.0,Starlink-550 808,808,-11.3899,-58.2065,511.91
1735695300.0,Starlink-550 809,809,1.7111,-48.2406,509.53
1735695300.0,Starlink-550 810,810,14.764,-38.1327,509.01
1735695300.0,Starlink-550 811,811,27.3116,-26.7562,510.13
1735695300.0,Starlink-550 812,812,38.6939,-12.6352,512.16
1735695300.0,Starlink-550 813,813,47.7767,6.1468,514.16
1735695300.0,Starlink-550 814,814,53.0943,49.1816,515.37
1735695300.0,Starlink-550 815,815,49.3443,74.7109,514.52
1735695300.0,Starlink-550 816,816,41.0174,94.7956,512.65
1735695300.0,Starlink-550 817,817,30.0349,109.8008,510.55
1735695300.0,Starlink-550 818,818,17.6825,121.6541,509.15
1735695300.0,Starlink-550 819,819,4.7006,131.9438,509.26
1735695300.0,Starlink-550 820,820,-8.426,141.8501,511.22
1735695300.0,Starlink-550 821,821,-21.271,152.439,514.83
1735695300.0,Starlink-550 822,822,-33.3052,164.9729,519.29
1735695300.0,Starlink-550 823,823,-43.6771,-178.8324,523.54
1735695300.0,Starlink-550 824,824,-50.9203,-157.1813,526.47
1735695300.0,Starlink-550 825,825,-53.0944,-130.8315,527.32
1735695300.0,Starlink-550 826,826,-49.3687,-105.3787,525.85
1735695300.0,Starlink-550 827,827,-41.0862,-85.3246,522.47
1735695300.0,Starlink-550 828,828,-30.1468,-70.3237,518.04
1735695300.0,Starlink-550 829,829,-17.8259,-58.4679,513.71
1735695300.0,Starlink-550 830,830,-4.8593,-48.1762,510.5
1735695300.0,Starlink-550 831,831,8.2698,-38.2702,509.04
1735695300.0,Starlink-550 832,832,21.1348,-27.6837,509.4
1735695300.0,Starlink-550 833,833,33.2042,-15.1515,511.08
1735695300.0,Starlink-550 834,834,43.6211,1.0523,513.22
1735695300.0,Starlink-550 835,835,50.9056,22.7459,514.87
1735695300.0,Starlink-550 836,836,52.7435,40.6361,515.29
1735695300.0,Starlink-550 837,837,51.9166,67.4726,515.1
1735695300.0,Starlink-550 838,838,45.6224,90.4923,513.67
1735695300.0,Starlink-550 839,839,35.7611,107.8124,511.57
1735695300.0,Starlink-550 840,840,23.9748,121.0097,509.7
1735695300.0,Starlink-550 841,841,11.2367,131.9143,508.98
1735695300.0,Starlink-550 842,842,-1.8708,141.8792,510.01
1735695300.0,Starlink-550 843,843,-14.9123,151.9886,512.86
1735695300.0,Starlink-550 844,844,-27.4318,163.3679,517.02
1735695300.0,Starlink-550 845,845,-38.773,177.4871,521.52
1735695300.0,Starlink-550 846,846,-47.8103,-163.7533,525.23
1735695300.0,Starlink-550 847,847,-52.746,-139.3305,527.18
1735695300.0,Starlink-550 848,848,-51.9247,-112.5841,526.86
1735695300.0,Starlink-550 849,849,-45.6682,-89.6175,524.35
1735695300.0,Starlink-550 850,850,-35.8525,-72.3117,520.32
1735695300.0,Starlink-550 851,851,-24.1043,-59.1138,515.79
1735695300.0,Starlink-550 852,852,-11.3899,-48.2065,511.91
1735695300.0,Starlink-550 853,853,1.7111,-38.2406,509.53
1735695300.0,Starlink-550 854,854,14.764,-28.1327,509.01
1735695300.0,Starlink-550 855,855,27.3116,-16.7562,510.13
1735695300.0,Starlink-550 856,856,38.6939,-2.6352,512.16
1735695300.0,Starlink-550 857,857,47.7767,16.1468,514.16
1735695300.0,Starlink-550 858,858,53.0943,59.1816,515.37
1735695300.0,Starlink-550 859,859,49.3443,84.7109,514.52
1735695300.0,Starlink-550 860,860,41.0174,104.7956,512.65
1735695300.0,Starlink-550 861,861,30.0349,119.8008,510.55
1735695300.0,Starlink-550 862,862,17.6825,131.6541,509.15
1735695300.0,Starlink-550 863,863,4.7006,141.9438,509.26
1735695300.0,Starlink-550 864,864,-8.426,151.8501,511.22
1735695300.0,Starlink-550 865,865,-21.271,162.439,514.83
1735695300.0,Starlink-550 866,866,-33.3052,174.9729,519.29
1735695300.0,Starlink-550 867,867,-43.6771,-168.8324,523.54
1735695300.0,Starlink-550 868,868,-50.9203,-147.1813,526.47
1735695300.0,Starlink-550 869,869,-53.0944,-120.8315,527.32
1735695300.0,Starlink-550 870,870,-49.3687,-95.3787,525.85
1735695300.0,Starlink-550 871,871,-41.0862,-75.3246,522.47
1735695300.0,Starlink-550 872,872,-30.1468,-60.3237,518.04
1735695300.0,Starlink-550 873,873,-17.8259,-48.4679,513.71
1735695300.0,Starlink-550 874,874,-4.8593,-38.1762,510.5
1735695300.0,Starlink-550 875,875,8.2698,-28.2702,509.04
1735695300.0,Starlink-550 876,876,21.1348,-17.6837,509.4
1735695300.0,Starlink-550 877,877,33.2042,-5.1515,511.08
1735695300.0,Starlink-550 878,878,43.6211,11.0523,513.22
1735695300.0,Starlink-550 879,879,50.9056,32.7459,514.87
1735695300.0,Starlink-550 880,880,52.7435,50.6361,515.29
1735695300.0,Starlink-550 881,881,51.9166,77.4726,515.1
1735695300.0,Starlink-550 882,882,45.6224,100.4923,513.67
1735695300.0,Starlink-550 883,883,35.7611,117.8124,511.57
1735695300.0,Starlink-550 884,884,23.9748,131.0097,509.7
1735695300.0,Starlink-550 885,885,11.2367,141.9143,508.98
1735695300.0,Starlink-550 886,886,-1.8708,151.8792,510.01
1735695300.0,Starlink-550 887,887,-14.9123,161.9886,512.86
1735695300.0,Starlink-550 888,888,-27.4318,173.3679,517.02
1735695300.0,Starlink-550 889,889,-38.773,-172.5129,521.52
1735695300.0,Starlink-550 890,890,-47.8103,-153.7533,525.23
1735695300.0,Starlink-550 891,891,-52.746,-129.3305,527.18
1735695300.0,Starlink-550 892,892,-51.9247,-102.5841,526.86
1735695300.0,Starlink-550 893,893,-45.6682,-79.6175,524.35
1735695300.0,Starlink-550 894,894,-35.8525,-62.3117,520.32
1735695300.0,Starlink-550 895,895,-24.1043,-49.1138,515.79
1735695300.0,Starlink-550 896,896,-11.3899,-38.2065,511.91
1735695300.0,Starlink-550 897,897,1.7111,-28.2406,509.53
1735695300.0,Starlink-550 898,898,14.764,-18.1327,509.01
1735695300.0,Starlink-550 899,899,27.3116,-6.7562,510.13
1735695300.0,Starlink-550 900,900,38.6939,7.3648,512.16
1735695300.0,Starlink-550 901,901,47.7767,26.1468,514.16
1735695300.0,Starlink-550 902,902,53.0943,69.1816,515.37
1735695300.0,Starlink-550 903,903,49.3443,94.7109,514.52
1735695300.0,Starlink-550 904,904,41.0174,114.7956,512.65
1735695300.0,Starlink-550 905,905,30.0349,129.8008,510.55
1735695300.0,Starlink-550 906,906,17.6825,141.6541,509.15
1735695300.0,Starlink-550 907,907,4.7006,151.9438,509.26
1735695300.0,Starlink-550 908,908,-8.426,161.8501,511.22
1735695300.0,Starlink-550 909,909,-21.271,172.439,514.83
1735695300.0,Starlink-550 910,910,-33.3052,-175.0271,519.29
1735695300.0,Starlink-550 911,911,-43.6771,-158.8324,523.54
1735695300.0,Starlink-550 912,912,-50.9203,-137.1813,526.47
1735695300.0,Starlink-550 913,913,-53.0944,-110.8315,527.32
1735695300.0,Starlink-550 914,914,-49.3687,-85.3787,525.85
1735695300.0,Starlink-550 915,915,-41.0862,-65.3246,522.47
1735695300.0,Starlink-550 916,916,-30.1468,-50.3237,518.04
1735695300.0,Starlink-550 917,917,-17.8259,-38.4679,513.71
1735695300.0,Starlink-550 918,918,-4.8593,-28.1762,510.5
1735695300.0,Starlink-550 919,919,8.2698,-18.2702,509.04
1735695300.0,Starlink-550 920,920,21.1348,-7.6837,509.4
1735695300.0,Starlink-550 921,921,33.2042,4.8485,511.08
1735695300.0,Starlink-550 922,922,43.6211,21.0523,513.22
1735695300.0,Starlink-550 923,923,50.9056,42.7459,514.87
1735695300.0,Starlink-550 924,924,52.7435,60.6361,515.29
1735695300.0,Starlink-550 925,925,51.9166,87.4726,515.1
1735695300.0,Starlink-550 926,926,45.6224,110.4923,513.67
1735695300.0,Starlink-550 927,927,35.7611,127.8124,511.57
1735695300.0,Starlink-550 928,928,23.9748,141.0097,509.7
1735695300.0,Starlink-550 929,929,11.2367,151.9143,508.98
1735695300.0,Starlink-550 930,930,-1.8708,161.8792,510.01
1735695300.0,Starlink-550 931,931,-14.9123,171.9886,512.86
1735695300.0,Starlink-550 932,932,-27.4318,-176.6321,517.02
1735695300.0,Starlink-550 933,933,-38.773,-162.5129,521.52
1735695300.0,Starlink-550 934,934,-47.8103,-143.7533,525.23
1735695300.0,Starlink-550 935,935,-52.746,-119.3305,527.18
1735695300.0,Starlink-550 936,936,-51.9247,-92.5841,526.86
1735695300.0,Starlink-550 937,937,-45.6682,-69.6175,524.35
1735695300.0,Starlink-550 938,938,-35.8525,-52.3117,520.32
1735695300.0,Starlink-550 939,939,-24.1043,-39.1138,515.79
1735695300.0,Starlink-550 940,940,-11.3899,-28.2065,511.91
1735695300.0,Starlink-550 941,941,1.7111,-18.2406,509.53
1735695300.0,Starlink-550 942,942,14.764,-8.1327,509.01
1735695300.0,Starlink-550 943,943,27.3116,3.2438,510.13
1735695300.0,Starlink-550 944,944,38.6939,17.3648,512.16
1735695300.0,Starlink-550 945,945,47.7767,36.1468,514.16
1735695300.0,Starlink-550 946,946,53.0943,79.1816,515.37
1735695300.0,Starlink-550 947,947,49.3443,104.7109,514.52
1735695300.0,Starlink-550 948,948,41.0174,124.7956,512.65
1735695300.0,Starlink-550 949,949,30.0349,139.8008,510.55
1735695300.0,Starlink-550 950,950,17.6825,151.6541,509.15
1735695300.0,Starlink-550 951,951,4.7006,161.9438,509.26
1735695300.0,Starlink-550 952,952,-8.426,171.8501,511.22
1735695300.0,Starlink-550 953,953,-21.271,-177.561,514.83
1735695300.0,Starlink-550 954,954,-33.3052,-165.0271,519.29
1735695300.0,Starlink-550 955,955,-43.6771,-148.8324,523.54
1735695300.0,Starlink-550 956,956,-50.9203,-127.1813,526.47
1735695300.0,Starlink-550 957,957,-53.0944,-100.8315,527.32
1735695300.0,Starlink-550 958,958,-49.3687,-75.3787,525.85
1735695300.0,Starlink-550 959,959,-41.0862,-55.3246,522.47
1735695300.0,Starlink-550 960,960,-30.1468,-40.3237,518.04
1735695300.0,Starlink-550 961,961,-17.8259,-28.4679,513.71
1735695300.0,Starlink-550 962,962,-4.8593,-18.1762,510.5
1735695300.0,Starlink-550 963,963,8.2698,-8.2702,509.04
1735695300.0,Starlink-550 964,964,21.1348,2.3163,509.4
1735695300.0,Starlink-550 965,965,33.2042,14.8485,511.08
1735695300.0,Starlink-550 966,966,43.6211,31.0523,513.22
1735695300.0,Starlink-550 967,967,50.9056,52.7459,514.87
1735695300.0,Starlink-550 968,968,52.7435,70.6361,515.29
1735695300.0,Starlink-550 969,969,51.9166,97.4726,515.1
1735695300.0,Starlink-550 970,970,45.6224,120.4923,513.67
1735695300.0,Starlink-550 971,971,35.7611,137.8124,511.57
1735695300.0,Starlink-550 972,972,23.9748,151.0097,509.7
1735695300.0,Starlink-550 973,973,11.2367,161.9143,508.98
1735695300.0,Starlink-550 974,974,-1.8708,171.8792,510.01
1735695300.0,Starlink-550 975,975,-14.9123,-178.0114,512.86
1735695300.0,Starlink-550 976,976,-27.4318,-166.6321,517.02
1735695300.0,Starlink-550 977,977,-38.773,-152.5129,521.52
1735695300.0,Starlink-550 978,978,-47.8103,-133.7533,525.23
1735695300.0,Starlink-550 979,979,-52.746,-109.3305,527.18
1735695300.0,Starlink-550 980,980,-51.9247,-82.5841,526.86
1735695300.0,Starlink-550 981,981,-45.6682,-59.6175,524.35
1735695300.0,Starlink-550 982,982,-35.8525,-42.3117,520.32
1735695300.0,Starlink-550 983,983,-24.1043,-29.1138,515.79
1735695300.0,Starlink-550 984,984,-11.3899,-18.2065,511.91
1735695300.0,Starlink-550 985,985,1.7111,-8.2406,509.53
1735695300.0,Starlink-550 986,986,14.764,1.8673,509.01
1735695300.0,Starlink-550 987,987,27.3116,13.2438,510.13
1735695300.0,Starlink-550 988,988,38.6939,27.3648,512.16
1735695300.0,Starlink-550 989,989,47.7767,46.1468,514.16
1735695300.0,Starlink-550 990,990,53.0943,89.1816,515.37
1735695300.0,Starlink-550 991,991,49.3443,114.7109,514.52
1735695300.0,Starlink-550 992,992,41.0174,134.7956,512.65
1735695300.0,Starlink-550 993,993,30.0349,149.8008,510.55
1735695300.0,Starlink-550 994,994,17.6825,161.6541,509.15
1735695300.0,Starlink-550 995,995,4.7006,171.9438,509.26
1735695300.0,Starlink-550 996,996,-8.426,-178.1499,511.22
1735695300.0,Starlink-550 997,997,-21.271,-167.561,514.83
1735695300.0,Starlink-550 998,998,-33.3052,-155.0271,519.29
1735695300.0,Starlink-550 999,999,-43.6771,-138.8324,523.54
1735695300.0,Starlink-550 1000,1000,-50.9203,-117.1813,526.47
1735695300.0,Starlink-550 1001,1001,-53.0944,-90.8315,527.32
1735695300.0,Starlink-550 1002,1002,-49.3687,-65.3787,525.85
1735695300.0,Starlink-550 1003,1003,-41.0862,-45.3246,522.47
1735695300.0,Starlink-550 1004,1004,-30.1468,-30.3237,518.04
1735695300.0,Starlink-550 1005,1005,-17.8259,-18.4679,513.71
1735695300.0,Starlink-550 1006,1006,-4.8593,-8.1762,510.5
1735695300.0,Starlink-550 1007,1007,8.2698,1.7298,509.04
1735695300.0,Starlink-550 1008,1008,21.1348,12.3163,509.4
1735695300.0,Starlink-550 1009,1009,33.2042,24.8485,511.08
1735695300.0,Starlink-550 1010,1010,43.6211,41.0523,513.22
1735695300.0,Starlink-550 1011,1011,50.9056,62.7459,514.87
1735695300.0,Starlink-550 1012,1012,52.7435,80.6361,515.29
1735695300.0,Starlink-550 1013,1013,51.9166,107.4726,515.1
1735695300.0,Starlink-550 1014,1014,45.6224,130.4923,513.67
1735695300.0,Starlink-550 1015,1015,35.7611,147.8124,511.57
1735695300.0,Starlink-550 1016,1016,23.9748,161.0097,509.7
1735695300.0,Starlink-550 1017,1017,11.2367,171.9143,508.98
1735695300.0,Starlink-550 1018,1018,-1.8708,-178.1208,510.01
1735695300.0,Starlink-550 1019,1019,-14.9123,-168.0114,512.86
1735695300.0,Starlink-550 1020,1020,-27.4318,-156.6321,517.02
1735695300.0,Starlink-550 1021,1021,-38.773,-142.5129,521.52
1735695300.0,Starlink-550 1022,1022,-47.8103,-123.7533,525.23
1735695300.0,Starlink-550 1023,1023,-52.746,-99.3305,527.18
1735695300.0,Starlink-550 1024,1024,-51.9247,-72.5841,526.86
1735695300.0,Starlink-550 1025,1025,-45.6682,-49.6175,524.35
1735695300.0,Starlink-550 1026,1026,-35.8525,-32.3117,520.32
1735695300.0,Starlink-550 1027,1027,-24.1043,-19.1138,515.79
1735695300.0,Starlink-550 1028,1028,-11.3899,-8.2065,511.91
1735695300.0,Starlink-550 1029,1029,1.7111,1.7594,509.53
1735695300.0,Starlink-550 1030,1030,14.764,11.8673,509.01
1735695300.0,Starlink-550 1031,1031,27.3116,23.2438,510.13
1735695300.0,Starlink-550 1032,1032,38.6939,37.3648,512.16
1735695300.0,Starlink-550 1033,1033,47.7767,56.1468,514.16
1735695300.0,Starlink-550 1034,1034,53.0943,99.1816,515.37
1735695300.0,Starlink-550 1035,1035,49.3443,124.7109,514.52
1735695300.0,Starlink-550 1036,1036,41.0174,144.7956,512.65
1735695300.0,Starlink-550 1037,1037,30.0349,159.8008,510.55
1735695300.0,Starlink-550 1038,1038,17.6825,171.6541,509.15
1735695300.0,Starlink-550 1039,1039,4.7006,-178.0562,509.26
1735695300.0,Starlink-550 1040,1040,-8.426,-168.1499,511.22
1735695300.0,Starlink-550 1041,1041,-21.271,-157.561,514.83
1735695300.0,Starlink-550 1042,1042,-33.3052,-145.0271,519.29
1735695300.0,Starlink-550 1043,1043,-43.6771,-128.8324,523.54
1735695300.0,Starlink-550 1044,1044,-50.9203,-107.1813,526.47
1735695300.0,Starlink-550 1045,1045,-53.0944,-80.8315,527.32
1735695300.0,Starlink-550 1046,1046,-49.3687,-55.3787,525.85
1735695300.0,Starlink-550 1047,1047,-41.0862,-35.3246,522.47
1735695300.0,Starlink-550 1048,1048,-30.1468,-20.3237,518.04
1735695300.0,Starlink-550 1049,1049,-17.8259,-8.4679,513.71
1735695300.0,Starlink-550 1050,1050,-4.8593,1.8238,510.5
1735695300.0,Starlink-550 1051,1051,8.2698,11.7298,509.04
1735695300.0,Starlink-550 1052,1052,21.1348,22.3163,509.4
1735695300.0,Starlink-550 1053,1053,33.2042,34.8485,511.08
1735695300.0,Starlink-550 1054,1054,43.6211,51.0523,513.22
1735695300.0,Starlink-550 1055,1055,50.9056,72.7459,514.87
1735695300.0,Starlink-550 1056,1056,52.7435,90.6361,515.29
1735695300.0,Starlink-550 1057,1057,51.9166,117.4726,515.1
1735695300.0,Starlink-550 1058,1058,45.6224,140.4923,513.67
1735695300.0,Starlink-550 1059,1059,35.7611,157.8124,511.57
1735695300.0,Starlink-550 1060,1060,23.9748,171.0097,509.7
1735695300.0,Starlink-550 1061,1061,11.2367,-178.0857,508.98
1735695300.0,Starlink-550 1062,1062,-1.8708,-168.1208,510.01
1735695300.0,Starlink-550 1063,1063,-14.9123,-158.0114,512.86
1735695300.0,Starlink-550 1064,1064,-27.4318,-146.6321,517.02
1735695300.0,Starlink-550 1065,1065,-38.773,-132.5129,521.52
1735695300.0,Starlink-550 1066,1066,-47.8103,-113.7533,525.23
1735695300.0,Starlink-550 1067,1067,-52.746,-89.3305,527.18
1735695300.0,Starlink-550 1068,1068,-51.9247,-62.5841,526.86
1735695300.0,Starlink-550 1069,1069,-45.6682,-39.6175,524.35
1735695300.0,Starlink-550 1070,1070,-35.8525,-22.3117,520.32
1735695300.0,Starlink-550 1071,1071,-24.1043,-9.1138,515.79
1735695300.0,Starlink-550 1072,1072,-11.3899,1.7935,511.91
1735695300.0,Starlink-550 1073,1073,1.7111,11.7594,509.53
1735695300.0,Starlink-550 1074,1074,14.764,21.8673,509.01
1735695300.0,Starlink-550 1075,1075,27.3116,33.2438,510.13
1735695300.0,Starlink-550 1076,1076,38.6939,47.3648,512.16
1735695300.0,Starlink-550 1077,1077,47.7767,66.1468,514.16
1735695300.0,Starlink-550 1078,1078,53.0943,109.1816,515.37
1735695300.0,Starlink-550 1079,1079,49.3443,134.7109,514.52
1735695300.0,Starlink-550 1080,1080,41.0174,154.7956,512.65
1735695300.0,Starlink-550 1081,1081,30.0349,169.8008,510.55
1735695300.0,Starlink-550 1082,1082,17.6825,-178.3459,509.15
1735695300.0,Starlink-550 1083,1083,4.7006,-168.0562,509.26
1735695300.0,Starlink-550 1084,1084,-8.426,-158.1499,511.22
1735695300.0,Starlink-550 1085,1085,-21.271,-147.561,514.83
1735695300.0,Starlink-550 1086,1086,-33.3052,-135.0271,519.29
1735695300.0,Starlink-550 1087,1087,-43.6771,-118.8324,523.54
1735695300.0,Starlink-550 1088,1088,-50.9203,-97.1813,526.47
1735695300.0,Starlink-550 1089,1089,-53.0944,-70.8315,527.32
1735695300.0,Starlink-550 1090,1090,-49.3687,-45.3787,525.85
1735695300.0,Starlink-550 1091,1091,-41.0862,-25.3246,522.47
1735695300.0,Starlink-550 1092,1092,-30.1468,-10.3237,518.04
1735695300.0,Starlink-550 1093,1093,-17.8259,1.5321,513.71
1735695300.0,Starlink-550 1094,1094,-4.8593,11.8238,510.5
1735695300.0,Starlink-550 1095,1095,8.2698,21.7298,509.04
1735695300.0,Starlink-550 1096,1096,21.1348,32.3163,509.4
1735695300.0,Starlink-550 1097,1097,33.2042,44.8485,511.08
1735695300.0,Starlink-550 1098,1098,43.6211,61.0523,513.22
1735695300.0,Starlink-550 1099,1099,50.9056,82.7459,514.87
1735695300.0,Starlink-550 1100,1100,52.7435,100.6361,515.29
1735695300.0,Starlink-550 1101,1101,51.9166,127.4726,515.1
1735695300.0,Starlink-550 1102,1102,45.6224,150.4923,513.67
1735695300.0,Starlink-550 1103,1103,35.7611,167.8124,511.57
1735695300.0,Starlink-550 1104,1104,23.9748,-178.9903,509.7
1735695300.0,Starlink-550 1105,1105,11.2367,-168.0857,508.98
1735695300.0,Starlink-550 1106,1106,-1.8708,-158.1208,510.01
1735695300.0,Starlink-550 1107,1107,-14.9123,-148.0114,512.86
1735695300.0,Starlink-550 1108,1108,-27.4318,-136.6321,517.02
1735695300.0,Starlink-550 1109,1109,-38.773,-122.5129,521.52
1735695300.0,Starlink-550 1110,1110,-47.8103,-103.7533,525.23
1735695300.0,Starlink-550 1111,1111,-52.746,-79.3305,527.18
1735695300.0,Starlink-550 1112,1112,-51.9247,-52.5841,526.86
1735695300.0,Starlink-550 1113,1113,-45.6682,-29.6175,524.35
1735695300.0,Starlink-550 1114,1114,-35.8525,-12.3117,520.32
1735695300.0,Starlink-550 1115,1115,-24.1043,0.8862,515.79
1735695300.0,Starlink-550 1116,1116,-11.3899,11.7935,511.91
1735695300.0,Starlink-550 1117,1117,1.7111,21.7594,509.53
1735695300.0,Starlink-550 1118,1118,14.764,31.8673,509.01
1735695300.0,Starlink-550 1119,1119,27.3116,43.2438,510.13
1735695300.0,Starlink-550 1120,1120,38.6939,57.3648,512.16
1735695300.0,Starlink-550 1121,1121,47.7767,76.1468,514.16
1735695300.0,Starlink-550 1122,1122,53.0943,119.1816,515.37
1735695300.0,Starlink-550 1123,1123,49.3443,144.7109,514.52
1735695300.0,Starlink-550 1124,1124,41.0174,164.7956,512.65
1735695300.0,Starlink-550 1125,1125,30.0349,179.8008,510.55
1735695300.0,Starlink-550 1126,1126,17.6825,-168.3459,509.15
1735695300.0,Starlink-550 1127,1127,4.7006,-158.0562,509.26
1735695300.0,Starlink-550 1128,1128,-8.426,-148.1499,511.22
1735695300.0,Starlink-550 1129,1129,-21.271,-137.561,514.83
1735695300.0,Starlink-550 1130,1130,-33.3052,-125.0271,519.29
1735695300.0,Starlink-550 1131,1131,-43.6771,-108.8324,523.54
1735695300.0,Starlink-550 1132,1132,-50.9203,-87.1813,526.47
1735695300.0,Starlink-550 1133,1133,-53.0944,-60.8315,527.32
1735695300.0,Starlink-550 1134,1134,-49.3687,-35.3787,525.85
1735695300.0,Starlink-550 1135,1135,-41.0862,-15.3246,522.47
1735695300.0,Starlink-550 1136,1136,-30.1468,-0.3237,518.04
1735695300.0,Starlink-550 1137,1137,-17.8259,11.5321,513.71
1735695300.0,Starlink-550 1138,1138,-4.8593,21.8238,510.5
1735695300.0,Starlink-550 1139,1139,8.2698,31.7298,509.04
1735695300.0,Starlink-550 1140,1140,21.1348,42.3163,509.4
1735695300.0,Starlink-550 1141,1141,33.2042,54.8485,511.08
1735695300.0,Starlink-550 1142,1142,43.6211,71.0523,513.22
1735695300.0,Starlink-550 1143,1143,50.9056,92.7459,514.87
1735695300.0,Starlink-550 1144,1144,52.7435,110.6361,515.29
1735695300.0,Starlink-550 1145,1145,51.9166,137.4726,515.1
1735695300.0,Starlink-550 1146,1146,45.6224,160.4923,513.67
1735695300.0,Starlink-550 1147,1147,35.7611,177.8124,511.57
1735695300.0,Starlink-550 1148,1148,23.9748,-168.9903,509.7
1735695300.0,Starlink-550 1149,1149,11.2367,-158.0857,508.98
1735695300.0,Starlink-550 1150,1150,-1.8708,-148.1208,510.01
1735695300.0,Starlink-550 1151,1151,-14.9123,-138.0114,512.86
1735695300.0,Starlink-550 1152,1152,-27.4318,-126.6321,517.02
1735695300.0,Starlink-550 1153,1153,-38.773,-112.5129,521.52
1735695300.0,Starlink-550 1154,1154,-47.8103,-93.7533,525.23
1735695300.0,Starlink-550 1155,1155,-52.746,-69.3305,527.18
1735695300.0,Starlink-550 1156,1156,-51.9247,-42.5841,526.86
1735695300.0,Starlink-550 1157,1157,-45.6682,-19.6175,524.35
1735695300.0,Starlink-550 1158,1158,-35.8525,-2.3117,520.32
1735695300.0,Starlink-550 1159,1159,-24.1043,10.8862,515.79
1735695300.0,Starlink-550 1160,1160,-11.3899,21.7935,511.91
1735695300.0,Starlink-550 1161,1161,1.7111,31.7594,509.53
1735695300.0,Starlink-550 1162,1162,14.764,41.8673,509.01
1735695300.0,Starlink-550 1163,1163,27.3116,53.2438,510.13
1735695300.0,Starlink-550 1164,1164,38.6939,67.3648,512.16
1735695300.0,Starlink-550 1165,1165,47.7767,86.1468,514.16
1735695300.0,Starlink-550 1166,1166,53.0943,129.1816,515.37
1735695300.0,Starlink-550 1167,1167,49.3443,154.7109,514.52
1735695300.0,Starlink-550 1168,1168,41.0174,174.7956,512.65
1735695300.0,Starlink-550 1169,1169,30.0349,-170.1992,510.55
1735695300.0,Starlink-550 1170,1170,17.6825,-158.3459,509.15
1735695300.0,Starlink-550 1171,1171,4.7006,-148.0562,509.26
1735695300.0,Starlink-550 1172,1172,-8.426,-138.1499,511.22
1735695300.0,Starlink-550 1173,1173,-21.271,-127.561,514.83
1735695300.0,Starlink-550 1174,1174,-33.3052,-115.0271,519.29
1735695300.0,Starlink-550 1175,1175,-43.6771,-98.8324,523.54
1735695300.0,Starlink-550 1176,1176,-50.9203,-77.1813,526.47
1735695300.0,Starlink-550 1177,1177,-53.0944,-50.8315,527.32
1735695300.0,Starlink-550 1178,1178,-49.3687,-25.3787,525.85
1735695300.0,Starlink-550 1179,1179,-41.0862,-5.3246,522.47
1735695300.0,Starlink-550 1180,1180,-30.1468,9.6763,518.04
1735695300.0,Starlink-550 1181,1181,-17.8259,21.5321,513.71
1735695300.0,Starlink-550 1182,1182,-4.8593,31.8238,510.5
1735695300.0,Starlink-550 1183,1183,8.2698,41.7298,509.04
1735695300.0,Starlink-550 1184,1184,21.1348,52.3163,509.4
1735695300.0,Starlink-550 1185,1185,33.2042,64.8485,511.08
1735695300.0,Starlink-550 1186,1186,43.6211,81.0523,513.22
1735695300.0,Starlink-550 1187,1187,50.9056,102.7459,514.87
1735695300.0,Starlink-550 1188,1188,52.7435,120.6361,515.29
1735695300.0,Starlink-550 1189,1189,51.9166,147.4726,515.1
1735695300.0,Starlink-550 1190,1190,45.6224,170.4923,513.67
1735695300.0,Starlink-550 1191,1191,35.7611,-172.1876,511.57
1735695300.0,Starlink-550 1192,1192,23.9748,-158.9903,509.7
1735695300.0,Starlink-550 1193,1193,11.2367,-148.0857,508.98
1735695300.0,Starlink-550 1194,1194,-1.8708,-138.1208,510.01
1735695300.0,Starlink-550 1195,1195,-14.9123,-128.0114,512.86
1735695300.0,Starlink-550 1196,1196,-27.4318,-116.6321,517.02
1735695300.0,Starlink-550 1197,1197,-38.773,-102.5129,521.52
1735695300.0,Starlink-550 1198,1198,-47.8103,-83.7533,525.23
1735695300.0,Starlink-550 1199,1199,-52.746,-59.3305,527.18
1735695300.0,Starlink-550 1200,1200,-51.9247,-32.5841,526.86
1735695300.0,Starlink-550 1201,1201,-45.6682,-9.6175,524.35
1735695300.0,Starlink-550 1202,1202,-35.8525,7.6883,520.32
1735695300.0,Starlink-550 1203,1203,-24.1043,20.8862,515.79
1735695300.0,Starlink-550 1204,1204,-11.3899,31.7935,511.91
1735695300.0,Starlink-550 1205,1205,1.7111,41.7594,509.53
1735695300.0,Starlink-550 1206,1206,14.764,51.8673,509.01
1735695300.0,Starlink-550 1207,1207,27.3116,63.2438,510.13
1735695300.0,Starlink-550 1208,1208,38.6939,77.3648,512.16
1735695300.0,Starlink-550 1209,1209,47.7767,96.1468,514.16
1735695300.0,Starlink-550 1210,1210,53.0943,139.1816,515.37
1735695300.0,Starlink-550 1211,1211,49.3443,164.7109,514.52
1735695300.0,Starlink-550 1212,1212,41.0174,-175.2044,512.65
1735695300.0,Starlink-550 1213,1213,30.0349,-160.1992,510.55
1735695300.0,Starlink-550 1214,1214,17.6825,-148.3459,509.15
1735695300.0,Starlink-550 1215,1215,4.7006,-138.0562,509.26
1735695300.0,Starlink-550 1216,1216,-8.426,-128.1499,511.22
1735695300.0,Starlink-550 1217,1217,-21.271,-117.561,514.83
1735695300.0,Starlink-550 1218,1218,-33.3052,-105.0271,519.29
1735695300.0,Starlink-550 1219,1219,-43.6771,-88.8324,523.54
1735695300.0,Starlink-550 1220,1220,-50.9203,-67.1813,526.47
1735695300.0,Starlink-550 1221,1221,-53.0944,-40.8315,527.32
1735695300.0,Starlink-550 1222,1222,-49.3687,-15.3787,525.85
1735695300.0,Starlink-550 1223,1223,-41.0862,4.6754,522.47
1735695300.0,Starlink-550 1224,1224,-30.1468,19.6763,518.04
1735695300.0,Starlink-550 1225,1225,-17.8259,31.5321,513.71
1735695300.0,Starlink-550 1226,1226,-4.8593,41.8238,510.5
1735695300.0,Starlink-550 1227,1227,8.2698,51.7298,509.04
1735695300.0,Starlink-550 1228,1228,21.1348,62.3163,509.4
1735695300.0,Starlink-550 1229,1229,33.2042,74.8485,511.08
1735695300.0,Starlink-550 1230,1230,43.6211,91.0523,513.22
1735695300.0,Starlink-550 1231,1231,50.9056,112.7459,514.87
1735695300.0,Starlink-550 1232,1232,52.7435,130.6361,515.29
1735695300.0,Starlink-550 1233,1233,51.9166,157.4726,515.1
1735695300.0,Starlink-550 1234,1234,45.6224,-179.5077,513.67
1735695300.0,Starlink-550 1235,1235,35.7611,-162.1876,511.57
1735695300.0,Starlink-550 1236,1236,23.9748,-148.9903,509.7
1735695300.0,Starlink-550 1237,1237,11.2367,-138.0857,508.98
1735695300.0,Starlink-550 1238,1238,-1.8708,-128.1208,510.01
1735695300.0,Starlink-550 1239,1239,-14.9123,-118.0114,512.86
1735695300.0,Starlink-550 1240,1240,-27.4318,-106.6321,517.02
1735695300.0,Starlink-550 1241,1241,-38.773,-92.5129,521.52
1735695300.0,Starlink-550 1242,1242,-47.8103,-73.7533,525.23
1735695300.0,Starlink-550 1243,1243,-52.746,-49.3305,527.18
1735695300.0,Starlink-550 1244,1244,-51.9247,-22.5841,526.86
1735695300.0,Starlink-550 1245,1245,-45.6682,0.3825,524.35
1735695300.0,Starlink-550 1246,1246,-35.8525,17.6883,520.32
1735695300.0,Starlink-550 1247,1247,-24.1043,30.8862,515.79
1735695300.0,Starlink-550 1248,1248,-11.3899,41.7935,511.91
1735695300.0,Starlink-550 1249,1249,1.7111,51.7594,509.53
1735695300.0,Starlink-550 1250,1250,14.764,61.8673,509.01
1735695300.0,Starlink-550 1251,1251,27.3116,73.2438,510.13
1735695300.0,Starlink-550 1252,1252,38.6939,87.3648,512.16
1735695300.0,Starlink-550 1253,1253,47.7767,106.1468,514.16
1735695300.0,Starlink-550 1254,1254,53.0943,149.1816,515.37
1735695300.0,Starlink-550 1255,1255,49.3443,174.7109,514.52
1735695300.0,Starlink-550 1256,1256,41.0174,-165.2044,512.65
1735695300.0,Starlink-550 1257,1257,30.0349,-150.1992,510.55
1735695300.0,Starlink-550 1258,1258,17.6825,-138.3459,509.15
1735695300.0,Starlink-550 1259,1259,4.7006,-128.0562,509.26
1735695300.0,Starlink-550 1260,1260,-8.426,-118.1499,511.22
1735695300.0,Starlink-550 1261,1261,-21.271,-107.561,514.83
1735695300.0,Starlink-550 1262,1262,-33.3052,-95.0271,519.29
1735695300.0,Starlink-550 1263,1263,-43.6771,-78.8324,523.54
1735695300.0,Starlink-550 1264,1264,-50.9203,-57.1813,526.47
1735695300.0,Starlink-550 1265,1265,-53.0944,-30.8315,527.32
1735695300.0,Starlink-550 1266,1266,-49.3687,-5.3787,525.85
1735695300.0,Starlink-550 1267,1267,-41.0862,14.6754,522.47
1735695300.0,Starlink-550 1268,1268,-30.1468,29.6763,518.04
1735695300.0,Starlink-550 1269,1269,-17.8259,41.5321,513.71
1735695300.0,Starlink-550 1270,1270,-4.8593,51.8238,510.5
1735695300.0,Starlink-550 1271,1271,8.2698,61.7298,509.04
1735695300.0,Starlink-550 1272,1272,21.1348,72.3163,509.4
1735695300.0,Starlink-550 1273,1273,33.2042,84.8485,511.08
1735695300.0,Starlink-550 1274,1274,43.6211,101.0523,513.22
1735695300.0,Starlink-550 1275,1275,50.9056,122.7459,514.87
1735695300.0,Starlink-550 1276,1276,52.7435,140.6361,515.29
1735695300.0,Starlink-550 1277,1277,51.9166,167.4726,515.1
1735695300.0,Starlink-550 1278,1278,45.6224,-169.5077,513.67
1735695300.0,Starlink-550 1279,1279,35.7611,-152.1876,511.57
1735695300.0,Starlink-550 1280,1280,23.9748,-138.9903,509.7
1735695300.0,Starlink-550 1281,1281,11.2367,-128.0857,508.98
1735695300.0,Starlink-550 1282,1282,-1.8708,-118.1208,510.01
1735695300.0,Starlink-550 1283,1283,-14.9123,-108.0114,512.86
1735695300.0,Starlink-550 1284,1284,-27.4318,-96.6321,517.02
1735695300.0,Starlink-550 1285,1285,-38.773,-82.5129,521.52
1735695300.0,Starlink-550 1286,1286,-47.8103,-63.7533,525.23
1735695300.0,Starlink-550 1287,1287,-52.746,-39.3305,527.18
1735695300.0,Starlink-550 1288,1288,-51.9247,-12.5841,526.86
1735695300.0,Starlink-550 1289,1289,-45.6682,10.3825,524.35
1735695300.0,Starlink-550 1290,1290,-35.8525,27.6883,520.32
1735695300.0,Starlink-550 1291,1291,-24.1043,40.8862,515.79
1735695300.0,Starlink-550 1292,1292,-11.3899,51.7935,511.91
1735695300.0,Starlink-550 1293,1293,1.7111,61.7594,509.53
1735695300.0,Starlink-550 1294,1294,14.764,71.8673,509.01
1735695300.0,Starlink-550 1295,1295,27.3116,83.2438,510.13
1735695300.0,Starlink-550 1296,1296,38.6939,97.3648,512.16
1735695300.0,Starlink-550 1297,1297,47.7767,116.1468,514.16
1735695300.0,Starlink-550 1298,1298,53.0943,159.1816,515.37
1735695300.0,Starlink-550 1299,1299,49.3443,-175.2891,514.52
1735695300.0,Starlink-550 1300,1300,41.0174,-155.2044,512.65
1735695300.0,Starlink-550 1301,1301,30.0349,-140.1992,510.55
1735695300.0,Starlink-550 1302,1302,17.6825,-128.3459,509.15
1735695300.0,Starlink-550 1303,1303,4.7006,-118.0562,509.26
1735695300.0,Starlink-550 1304,1304,-8.426,-108.1499,511.22
1735695300.0,Starlink-550 1305,1305,-21.271,-97.561,514.83
1735695300.0,Starlink-550 1306,1306,-33.3052,-85.0271,519.29
1735695300.0,Starlink-550 1307,1307,-43.6771,-68.8324,523.54
1735695300.0,Starlink-550 1308,1308,-50.9203,-47.1813,526.47
1735695300.0,Starlink-550 1309,1309,-53.0944,-20.8315,527.32
1735695300.0,Starlink-550 1310,1310,-49.3687,4.6213,525.85
1735695300.0,Starlink-550 1311,1311,-41.0862,24.6754,522.47
1735695300.0,Starlink-550 1312,1312,-30.1468,39.6763,518.04
1735695300.0,Starlink-550 1313,1313,-17.8259,51.5321,513.71
1735695300.0,Starlink-550 1314,1314,-4.8593,61.8238,510.5
1735695300.0,Starlink-550 1315,1315,8.2698,71.7298,509.04
1735695300.0,Starlink-550 1316,1316,21.1348,82.3163,509.4
1735695300.0,Starlink-550 1317,1317,33.2042,94.8485,511.08
1735695300.0,Starlink-550 1318,1318,43.6211,111.0523,513.22
1735695300.0,Starlink-550 1319,1319,50.9056,132.7459,514.87
1735695300.0,Starlink-550 1320,1320,52.7435,150.6361,515.29
1735695300.0,Starlink-550 1321,1321,51.9166,177.4726,515.1
1735695300.0,Starlink-550 1322,1322,45.6224,-159.5077,513.67
1735695300.0,Starlink-550 1323,1323,35.7611,-142.1876,511.57
1735695300.0,Starlink-550 1324,1324,23.9748,-128.9903,509.7
1735695300.0,Starlink-550 1325,1325,11.2367,-118.0857,508.98
1735695300.0,Starlink-550 1326,1326,-1.8708,-108.1208,510.01
1735695300.0,Starlink-550 1327,1327,-14.9123,-98.0114,512.86
1735695300.0,Starlink-550 1328,1328,-27.4318,-86.6321,517.02
1735695300.0,Starlink-550 1329,1329,-38.773,-72.5129,521.52
1735695300.0,Starlink-550 1330,1330,-47.8103,-53.7533,525.23
1735695300.0,Starlink-550 1331,1331,-52.746,-29.3305,527.18
1735695300.0,Starlink-550 1332,1332,-51.9247,-2.5841,526.86
1735695300.0,Starlink-550 1333,1333,-45.6682,20.3825,524.35
1735695300.0,Starlink-550 1334,1334,-35.8525,37.6883,520.32
1735695300.0,Starlink-550 1335,1335,-24.1043,50.8862,515.79
1735695300.0,Starlink-550 1336,1336,-11.3899,61.7935,511.91
1735695300.0,Starlink-550 1337,1337,1.7111,71.7594,509.53
1735695300.0,Starlink-550 1338,1338,14.764,81.8673,509.01
1735695300.0,Starlink-550 1339,1339,27.3116,93.2438,510.13
1735695300.0,Starlink-550 1340,1340,38.6939,107.3648,512.16
1735695300.0,Starlink-550 1341,1341,47.7767,126.1468,514.16
1735695300.0,Starlink-550 1342,1342,53.0943,169.1816,515.37
1735695300.0,Starlink-550 1343,1343,49.3443,-165.2891,514.52
1735695300.0,Starlink-550 1344,1344,41.0174,-145.2044,512.65
1735695300.0,Starlink-550 1345,1345,30.0349,-130.1992,510.55
1735695300.0,Starlink-550 1346,1346,17.6825,-118.3459,509.15
1735695300.0,Starlink-550 1347,1347,4.7006,-108.0562,509.26
1735695300.0,Starlink-550 1348,1348,-8.426,-98.1499,511.22
1735695300.0,Starlink-550 1349,1349,-21.271,-87.561,514.83
1735695300.0,Starlink-550 1350,1350,-33.3052,-75.0271,519.29
1735695300.0,Starlink-550 1351,1351,-43.6771,-58.8324,523.54
1735695300.0,Starlink-550 1352,1352,-50.9203,-37.1813,526.47
1735695300.0,Starlink-550 1353,1353,-53.0944,-10.8315,527.32
1735695300.0,Starlink-550 1354,1354,-49.3687,14.6213,525.85
1735695300.0,Starlink-550 1355,1355,-41.0862,34.6754,522.47
1735695300.0,Starlink-550 1356,1356,-30.1468,49.6763,518.04
1735695300.0,Starlink-550 1357,1357,-17.8259,61.5321,513.71
1735695300.0,Starlink-550 1358,1358,-4.8593,71.8238,510.5
1735695300.0,Starlink-550 1359,1359,8.2698,81.7298,509.04
1735695300.0,Starlink-550 1360,1360,21.1348,92.3163,509.4
1735695300.0,Starlink-550 1361,1361,33.2042,104.8485,511.08
1735695300.0,Starlink-550 1362,1362,43.6211,121.0523,513.22
1735695300.0,Starlink-550 1363,1363,50.9056,142.7459,514.87
1735695300.0,Starlink-550 1364,1364,52.7435,160.6361,515.29
1735695300.0,Starlink-550 1365,1365,51.9166,-172.5274,515.1
1735695300.0,Starlink-550 1366,1366,45.6224,-149.5077,513.67
1735695300.0,Starlink-550 1367,1367,35.7611,-132.1876,511.57
1735695300.0,Starlink-550 1368,1368,23.9748,-118.9903,509.7
1735695300.0,Starlink-550 1369,1369,11.2367,-108.0857,508.98
1735695300.0,Starlink-550 1370,1370,-1.8708,-98.1208,510.01
1735695300.0,Starlink-550 1371,1371,-14.9123,-88.0114,512.86
1735695300.0,Starlink-550 1372,1372,-27.4318,-76.6321,517.02
1735695300.0,Starlink-550 1373,1373,-38.773,-62.5129,521.52
1735695300.0,Starlink-550 1374,1374,-47.8103,-43.7533,525.23
1735695300.0,Starlink-550 1375,1375,-52.746,-19.3305,527.18
1735695300.0,Starlink-550 1376,1376,-51.9247,7.4159,526.86
1735695300.0,Starlink-550 1377,1377,-45.6682,30.3825,524.35
1735695300.0,Starlink-550 1378,1378,-35.8525,47.6883,520.32
1735695300.0,Starlink-550 1379,1379,-24.1043,60.8862,515.79
1735695300.0,Starlink-550 1380,1380,-11.3899,71.7935,511.91
1735695300.0,Starlink-550 1381,1381,1.7111,81.7594,509.53
1735695300.0,Starlink-550 1382,1382,14.764,91.8673,509.01
1735695300.0,Starlink-550 1383,1383,27.3116,103.2438,510.13
1735695300.0,Starlink-550 1384,1384,38.6939,117.3648,512.16
1735695300.0,Starlink-550 1385,1385,47.7767,136.1468,514.16
1735695300.0,Starlink-550 1386,1386,53.0943,179.1816,515.37
1735695300.0,Starlink-550 1387,1387,49.3443,-155.2891,514.52
1735695300.0,Starlink-550 1388,1388,41.0174,-135.2044,512.65
1735695300.0,Starlink-550 1389,1389,30.0349,-120.1992,510.55
1735695300.0,Starlink-550 1390,1390,17.6825,-108.3459,509.15
1735695300.0,Starlink-550 1391,1391,4.7006,-98.0562,509.26
1735695300.0,Starlink-550 1392,1392,-8.426,-88.1499,511.22
1735695300.0,Starlink-550 1393,1393,-21.271,-77.561,514.83
1735695300.0,Starlink-550 1394,1394,-33.3052,-65.0271,519.29
1735695300.0,Starlink-550 1395,1395,-43.6771,-48.8324,523.54
1735695300.0,Starlink-550 1396,1396,-50.9203,-27.1813,526.47
1735695300.0,Starlink-550 1397,1397,-53.0944,-0.8315,527.32
1735695300.0,Starlink-550 1398,1398,-49.3687,24.6213,525.85
1735695300.0,Starlink-550 1399,1399,-41.0862,44.6754,522.47
1735695300.0,Starlink-550 1400,1400,-30.1468,59.6763,518.04
1735695300.0,Starlink-550 1401,1401,-17.8259,71.5321,513.71
1735695300.0,Starlink-550 1402,1402,-4.8593,81.8238,510.5
1735695300.0,Starlink-550 1403,1403,8.2698,91.7298,509.04
1735695300.0,Starlink-550 1404,1404,21.1348,102.3163,509.4
1735695300.0,Starlink-550 1405,1405,33.2042,114.8485,511.08
1735695300.0,Starlink-550 1406,1406,43.6211,131.0523,513.22
1735695300.0,Starlink-550 1407,1407,50.9056,152.7459,514.87
1735695300.0,Starlink-550 1408,1408,52.7435,170.6361,515.29
1735695300.0,Starlink-550 1409,1409,51.9166,-162.5274,515.1
1735695300.0,Starlink-550 1410,1410,45.6224,-139.5077,513.67
1735695300.0,Starlink-550 1411,1411,35.7611,-122.1876,511.57
1735695300.0,Starlink-550 1412,1412,23.9748,-108.9903,509.7
1735695300.0,Starlink-550 1413,1413,11.2367,-98.0857,508.98
1735695300.0,Starlink-550 1414,1414,-1.8708,-88.1208,510.01
1735695300.0,Starlink-550 1415,1415,-14.9123,-78.0114,512.86
1735695300.0,Starlink-550 1416,1416,-27.4318,-66.6321,517.02
1735695300.0,Starlink-550 1417,1417,-38.773,-52.5129,521.52
1735695300.0,Starlink-550 1418,1418,-47.8103,-33.7533,525.23
1735695300.0,Starlink-550 1419,1419,-52.746,-9.3305,527.18
1735695300.0,Starlink-550 1420,1420,-51.9247,17.4159,526.86
1735695300.0,Starlink-550 1421,1421,-45.6682,40.3825,524.35
1735695300.0,Starlink-550 1422,1422,-35.8525,57.6883,520.32
1735695300.0,Starlink-550 1423,1423,-24.1043,70.8862,515.79
1735695300.0,Starlink-550 1424,1424,-11.3899,81.7935,511.91
1735695300.0,Starlink-550 1425,1425,1.7111,91.7594,509.53
1735695300.0,Starlink-550 1426,1426,14.764,101.8673,509.01
1735695300.0,Starlink-550 1427,1427,27.3116,113.2438,510.13
1735695300.0,Starlink-550 1428,1428,38.6939,127.3648,512.16
1735695300.0,Starlink-550 1429,1429,47.7767,146.1468,514.16
1735695300.0,Starlink-550 1430,1430,53.0943,-170.8184,515.37
1735695300.0,Starlink-550 1431,1431,49.3443,-145.2891,514.52
1735695300.0,Starlink-550 1432,1432,41.0174,-125.2044,512.65
1735695300.0,Starlink-550 1433,1433,30.0349,-110.1992,510.55
1735695300.0,Starlink-550 1434,1434,17.6825,-98.3459,509.15
1735695300.0,Starlink-550 1435,1435,4.7006,-88.0562,509.26
1735695300.0,Starlink-550 1436,1436,-8.426,-78.1499,511.22
1735695300.0,Starlink-550 1437,1437,-21.271,-67.561,514.83
1735695300.0,Starlink-550 1438,1438,-33.3052,-55.0271,519.29
1735695300.0,Starlink-550 1439,1439,-43.6771,-38.8324,523.54
1735695300.0,Starlink-550 1440,1440,-50.9203,-17.1813,526.47
1735695300.0,Starlink-550 1441,1441,-53.0944,9.1685,527.32
1735695300.0,Starlink-550 1442,1442,-49.3687,34.6213,525.85
1735695300.0,Starlink-550 1443,1443,-41.0862,54.6754,522.47
1735695300.0,Starlink-550 1444,1444,-30.1468,69.6763,518.04
1735695300.0,Starlink-550 1445,1445,-17.8259,81.5321,513.71
1735695300.0,Starlink-550 1446,1446,-4.8593,91.8238,510.5
1735695300.0,Starlink-550 1447,1447,8.2698,101.7298,509.04
1735695300.0,Starlink-550 1448,1448,21.1348,112.3163,509.4
1735695300.0,Starlink-550 1449,1449,33.2042,124.8485,511.08
1735695300.0,Starlink-550 1450,1450,43.6211,141.0523,513.22
1735695300.0,Starlink-550 1451,1451,50.9056,162.7459,514.87
1735695300.0,Starlink-550 1452,1452,52.7435,-179.3639,515.29
1735695300.0,Starlink-550 1453,1453,51.9166,-152.5274,515.1
1735695300.0,Starlink-550 1454,1454,45.6224,-129.5077,513.67
1735695300.0,Starlink-550 1455,1455,35.7611,-112.1876,511.57
1735695300.0,Starlink-550 1456,1456,23.9748,-98.9903,509.7
1735695300.0,Starlink-550 1457,1457,11.2367,-88.0857,508.98
1735695300.0,Starlink-550 1458,1458,-1.8708,-78.1208,510.01
1735695300.0,Starlink-550 1459,1459,-14.9123,-68.0114,512.86
1735695300.0,Starlink-550 1460,1460,-27.4318,-56.6321,517.02
1735695300.0,Starlink-550 1461,1461,-38.773,-42.5129,521.52
1735695300.0,Starlink-550 1462,1462,-47.8103,-23.7533,525.23
1735695300.0,Starlink-550 1463,1463,-52.746,0.6695,527.18
1735695300.0,Starlink-550 1464,1464,-51.9247,27.4159,526.86
1735695300.0,Starlink-550 1465,1465,-45.6682,50.3825,524.35
1735695300.0,Starlink-550 1466,1466,-35.8525,67.6883,520.32
1735695300.0,Starlink-550 1467,1467,-24.1043,80.8862,515.79
1735695300.0,Starlink-550 1468,1468,-11.3899,91.7935,511.91
1735695300.0,Starlink-550 1469,1469,1.7111,101.7594,509.53
1735695300.0,Starlink-550 1470,1470,14.764,111.8673,509.01
1735695300.0,Starlink-550 1471,1471,27.3116,123.2438,510.13
1735695300.0,Starlink-550 1472,1472,38.6939,137.3648,512.16
1735695300.0,Starlink-550 1473,1473,47.7767,156.1468,514.16
1735695300.0,Starlink-550 1474,1474,53.0943,-160.8184,515.37
1735695300.0,Starlink-550 1475,1475,49.3443,-135.2891,514.52
1735695300.0,Starlink-550 1476,1476,41.0174,-115.2044,512.65
1735695300.0,Starlink-550 1477,1477,30.0349,-100.1992,510.55
1735695300.0,Starlink-550 1478,1478,17.6825,-88.3459,509.15
1735695300.0,Starlink-550 1479,1479,4.7006,-78.0562,509.26
1735695300.0,Starlink-550 1480,1480,-8.426,-68.1499,511.22
1735695300.0,Starlink-550 1481,1481,-21.271,-57.561,514.83
1735695300.0,Starlink-550 1482,1482,-33.3052,-45.0271,519.29
1735695300.0,Starlink-550 1483,1483,-43.6771,-28.8324,523.54
1735695300.0,Starlink-550 1484,1484,-50.9203,-7.1813,526.47
1735695300.0,Starlink-550 1485,1485,-53.0944,19.1685,527.32
1735695300.0,Starlink-550 1486,1486,-49.3687,44.6213,525.85
1735695300.0,Starlink-550 1487,1487,-41.0862,64.6754,522.47
1735695300.0,Starlink-550 1488,1488,-30.1468,79.6763,518.04
1735695300.0,Starlink-550 1489,1489,-17.8259,91.5321,513.71
1735695300.0,Starlink-550 1490,1490,-4.8593,101.8238,510.5
1735695300.0,Starlink-550 1491,1491,8.2698,111.7298,509.04
1735695300.0,Starlink-550 1492,1492,21.1348,122.3163,509.4
1735695300.0,Starlink-550 1493,1493,33.2042,134.8485,511.08
1735695300.0,Starlink-550 1494,1494,43.6211,151.0523,513.22
1735695300.0,Starlink-550 1495,1495,50.9056,172.7459,514.87
1735695300.0,Starlink-550 1496,1496,52.7435,-169.3639,515.29
1735695300.0,Starlink-550 1497,1497,51.9166,-142.5274,515.1
1735695300.0,Starlink-550 1498,1498,45.6224,-119.5077,513.67
1735695300.0,Starlink-550 1499,1499,35.7611,-102.1876,511.57
1735695300.0,Starlink-550 1500,1500,23.9748,-88.9903,509.7
1735695300.0,Starlink-550 1501,1501,11.2367,-78.0857,508.98
1735695300.0,Starlink-550 1502,1502,-1.8708,-68.1208,510.01
1735695300.0,Starlink-550 1503,1503,-14.9123,-58.0114,512.86
1735695300.0,Starlink-550 1504,1504,-27.4318,-46.6321,517.02
1735695300.0,Starlink-550 1505,1505,-38.773,-32.5129,521.52
1735695300.0,Starlink-550 1506,1506,-47.8103,-13.7533,525.23
1735695300.0,Starlink-550 1507,1507,-52.746,10.6695,527.18
1735695300.0,Starlink-550 1508,1508,-51.9247,37.4159,526.86
1735695300.0,Starlink-550 1509,1509,-45.6682,60.3825,524.35
1735695300.0,Starlink-550 1510,1510,-35.8525,77.6883,520.32
1735695300.0,Starlink-550 1511,1511,-24.1043,90.8862,515.79
1735695300.0,Starlink-550 1512,1512,-11.3899,101.7935,511.91
1735695300.0,Starlink-550 1513,1513,1.7111,111.7594,509.53
1735695300.0,Starlink-550 1514,1514,14.764,121.8673,509.01
1735695300.0,Starlink-550 1515,1515,27.3116,133.2438,510.13
1735695300.0,Starlink-550 1516,1516,38.6939,147.3648,512.16
1735695300.0,Starlink-550 1517,1517,47.7767,166.1468,514.16
1735695300.0,Starlink-550 1518,1518,53.0943,-150.8184,515.37
1735695300.0,Starlink-550 1519,1519,49.3443,-125.2891,514.52
1735695300.0,Starlink-550 1520,1520,41.0174,-105.2044,512.65
1735695300.0,Starlink-550 1521,1521,30.0349,-90.1992,510.55
1735695300.0,Starlink-550 1522,1522,17.6825,-78.3459,509.15
1735695300.0,Starlink-550 1523,1523,4.7006,-68.0562,509.26
1735695300.0,Starlink-550 1524,1524,-8.426,-58.1499,511.22
1735695300.0,Starlink-550 1525,1525,-21.271,-47.561,514.83
1735695300.0,Starlink-550 1526,1526,-33.3052,-35.0271,519.29
1735695300.0,Starlink-550 1527,1527,-43.6771,-18.8324,523.54
1735695300.0,Starlink-550 1528,1528,-50.9203,2.8187,526.47
1735695300.0,Starlink-550 1529,1529,-53.0944,29.1685,527.32
1735695300.0,Starlink-550 1530,1530,-49.3687,54.6213,525.85
1735695300.0,Starlink-550 1531,1531,-41.0862,74.6754,522.47
1735695300.0,Starlink-550 1532,1532,-30.1468,89.6763,518.04
1735695300.0,Starlink-550 1533,1533,-17.8259,101.5321,513.71
1735695300.0,Starlink-550 1534,1534,-4.8593,111.8238,510.5
1735695300.0,Starlink-550 1535,1535,8.2698,121.7298,509.04
1735695300.0,Starlink-550 1536,1536,21.1348,132.3163,509.4
1735695300.0,Starlink-550 1537,1537,33.2042,144.8485,511.08
1735695300.0,Starlink-550 1538,1538,43.6211,161.0523,513.22
1735695300.0,Starlink-550 1539,1539,50.9056,-177.2541,514.87
1735695300.0,Starlink-550 1540,1540,52.7435,-159.3639,515.29
1735695300.0,Starlink-550 1541,1541,51.9166,-132.5274,515.1
1735695300.0,Starlink-550 1542,1542,45.6224,-109.5077,513.67
1735695300.0,Starlink-550 1543,1543,35.7611,-92.1876,511.57
1735695300.0,Starlink-550 1544,1544,23.9748,-78.9903,509.7
1735695300.0,Starlink-550 1545,1545,11.2367,-68.0857,508.98
1735695300.0,Starlink-550 1546,1546,-1.8708,-58.1208,510.01
1735695300.0,Starlink-550 1547,1547,-14.9123,-48.0114,512.86
1735695300.0,Starlink-550 1548,1548,-27.4318,-36.6321,517.02
1735695300.0,Starlink-550 1549,1549,-38.773,-22.5129,521.52
1735695300.0,Starlink-550 1550,1550,-47.8103,-3.7533,525.23
1735695300.0,Starlink-550 1551,1551,-52.746,20.6695,527.18
1735695300.0,Starlink-550 1552,1552,-51.9247,47.4159,526.86
1735695300.0,Starlink-550 1553,1553,-45.6682,70.3825,524.35
1735695300.0,Starlink-550 1554,1554,-35.8525,87.6883,520.32
1735695300.0,Starlink-550 1555,1555,-24.1043,100.8862,515.79
1735695300.0,Starlink-550 1556,1556,-11.3899,111.7935,511.91
1735695300.0,Starlink-550 1557,1557,1.7111,121.7594,509.53
1735695300.0,Starlink-550 1558,1558,14.764,131.8673,509.01
1735695300.0,Starlink-550 1559,1559,27.3116,143.2438,510.13
1735695300.0,Starlink-550 1560,1560,38.6939,157.3648,512.16
1735695300.0,Starlink-550 1561,1561,47.7767,176.1468,514.16
1735695300.0,Starlink-550 1562,1562,53.0943,-140.8184,515.37
1735695300.0,Starlink-550 1563,1563,49.3443,-115.2891,514.52
1735695300.0,Starlink-550 1564,1564,41.0174,-95.2044,512.65
1735695300.0,Starlink-550 1565,1565,30.0349,-80.1992,510.55
1735695300.0,Starlink-550 1566,1566,17.6825,-68.3459,509.15
1735695300.0,Starlink-550 1567,1567,4.7006,-58.0562,509.26
1735695300.0,Starlink-550 1568,1568,-8.426,-48.1499,511.22
1735695300.0,Starlink-550 1569,1569,-21.271,-37.561,514.83
1735695300.0,Starlink-550 1570,1570,-33.3052,-25.0271,519.29
1735695300.0,Starlink-550 1571,1571,-43.6771,-8.8324,523.54
1735695300.0,Starlink-550 1572,1572,-50.9203,12.8187,526.47
1735695300.0,Starlink-550 1573,1573,-53.0944,39.1685,527.32
1735695300.0,Starlink-550 1574,1574,-49.3687,64.6213,525.85
1735695300.0,Starlink-550 1575,1575,-41.0862,84.6754,522.47
1735695300.0,Starlink-550 1576,1576,-30.1468,99.6763,518.04
1735695300.0,Starlink-550 1577,1577,-17.8259,111.5321,513.71
1735695300.0,Starlink-550 1578,1578,-4.8593,121.8238,510.5
1735695300.0,Starlink-550 1579,1579,8.2698,131.7298,509.04
1735695300.0,Starlink-550 1580,1580,21.1348,142.3163,509.4
1735695300.0,Starlink-550 1581,1581,33.2042,154.8485,511.08
1735695300.0,Starlink-550 1582,1582,43.6211,171.0523,513.22
1735695300.0,Starlink-550 1583,1583,50.9056,-167.2541,514.87
