timestamp,satellite,latitude,longitude,height_km
1737237376.101046,Starlink-550 0,0.2406,-94.4351,509.71
1737237376.101046,Starlink-550 1,-12.8398,-84.42,512.29
1737237376.101046,Starlink-550 2,-25.4795,-73.3313,516.29
1737237376.101046,Starlink-550 3,-37.0697,-59.7724,520.82
1737237376.101046,Starlink-550 4,-46.5815,-41.8848,524.73
1737237376.101046,Starlink-550 5,-52.3137,-18.2985,527.02
1737237376.101046,Starlink-550 6,-52.4609,8.5117,527.07
1737237376.101046,Starlink-550 7,-46.9651,32.3595,524.89
1737237376.101046,Starlink-550 8,-37.5926,50.5075,521.03
1737237376.101046,Starlink-550 9,-26.0751,64.2312,516.51
1737237376.101046,Starlink-550 10,-13.4702,75.4042,512.46
1737237376.101046,Starlink-550 11,-0.4005,85.445,509.79
1737237376.101046,Starlink-550 12,12.6884,95.459,508.98
1737237376.101046,Starlink-550 13,25.3537,106.5448,509.87
1737237376.101046,Starlink-550 14,36.9833,120.104,511.81
1737237376.101046,Starlink-550 15,46.5408,138.0089,513.88
1737237376.101046,Starlink-550 16,52.3083,161.6539,515.19
1737237376.101046,Starlink-550 17,52.4565,-171.4451,515.22
1737237376.101046,Starlink-550 18,46.9266,-147.5361,513.96
1737237376.101046,Starlink-550 19,37.5083,-129.3693,511.91
1737237376.101046,Starlink-550 20,25.951,-115.6449,509.94
1737237376.101046,Starlink-550 21,13.3198,-104.4746,508.98
1737237376.101046,Starlink-550 22,-6.3254,-84.4897,510.78
1737237376.101046,Starlink-550 23,-19.2465,-74.0866,514.16
1737237376.101046,Starlink-550 24,-31.4565,-61.9672,518.56
1737237376.101046,Starlink-550 25,-42.1751,-46.4946,522.92
1737237376.101046,Starlink-550 26,-50.0493,-25.7873,526.13
1737237376.101046,Starlink-550 27,-53.1497,0.0839,527.34
1737237376.101046,Starlink-550 28,-50.3273,26.1165,526.24
1737237376.101046,Starlink-550 29,-42.639,47.1102,523.11
1737237376.101046,Starlink-550 30,-32.0219,62.7964,518.78
1737237376.101046,Starlink-550 31,-19.8631,75.0371,514.36
1737237376.101046,Starlink-550 32,-6.9637,85.4933,510.91
1737237376.101046,Starlink-550 33,6.1676,95.3902,509.15
1737237376.101046,Starlink-550 34,19.1059,105.791,509.24
1737237376.101046,Starlink-550 35,31.349,117.9081,510.76
1737237376.101046,Starlink-550 36,42.1114,133.3869,512.89
1737237376.101046,Starlink-550 37,50.0291,154.1295,514.67
1737237376.101046,Starlink-550 38,53.15,-179.9185,515.38
1737237376.101046,Starlink-550 39,50.3089,-153.8034,514.73
1737237376.101046,Starlink-550 40,42.5777,-132.7723,512.99
1737237376.101046,Starlink-550 41,31.9163,-117.079,510.86
1737237376.101046,Starlink-550 42,19.7238,-104.8404,509.28
1737237376.101046,Starlink-550 43,6.8064,-94.3865,509.11
1737237376.101046,Starlink-550 44,0.2406,-84.4351,509.71
1737237376.101046,Starlink-550 45,-12.8398,-74.42,512.29
1737237376.101046,Starlink-550 46,-25.4795,-63.3313,516.29
1737237376.101046,Starlink-550 47,-37.0697,-49.7724,520.82
1737237376.101046,Starlink-550 48,-46.5815,-31.8848,524.73
1737237376.101046,Starlink-550 49,-52.3137,-8.2985,527.02
1737237376.101046,Starlink-550 50,-52.4609,18.5117,527.07
1737237376.101046,Starlink-550 51,-46.9651,42.3595,524.89
1737237376.101046,Starlink-550 52,-37.5926,60.5075,521.03
1737237376.101046,Starlink-550 53,-26.0751,74.2312,516.51
1737237376.101046,Starlink-550 54,-13.4702,85.4042,512.46
1737237376.101046,Starlink-550 55,-0.4005,95.445,509.79
1737237376.101046,Starlink-550 56,12.6884,105.459,508.98
1737237376.101046,Starlink-550 57,25.3537,116.5448,509.87
1737237376.101046,Starlink-550 58,36.9833,130.104,511.81
1737237376.101046,Starlink-550 59,46.5408,148.0089,513.88
1737237376.101046,Starlink-550 60,52.3083,171.6539,515.19
1737237376.101046,Starlink-550 61,52.4565,-161.4451,515.22
1737237376.101046,Starlink-550 62,46.9266,-137.5361,513.96
1737237376.101046,Starlink-550 63,37.5083,-119.3693,511.91
1737237376.101046,Starlink-550 64,25.951,-105.6449,509.94
1737237376.101046,Starlink-550 65,13.3198,-94.4746,508.98
1737237376.101046,Starlink-550 66,-6.3254,-74.4897,510.78
1737237376.101046,Starlink-550 67,-19.2465,-64.0866,514.16
1737237376.101046,Starlink-550 68,-31.4565,-51.9672,518.56
1737237376.101046,Starlink-550 69,-42.1751,-36.4946,522.92
1737237376.101046,Starlink-550 70,-50.0493,-15.7873,526.13
1737237376.101046,Starlink-550 71,-53.1497,10.0839,527.34
1737237376.101046,Starlink-550 72,-50.3273,36.1165,526.24
1737237376.101046,Starlink-550 73,-42.639,57.1102,523.11
1737237376.101046,Starlink-550 74,-32.0219,72.7964,518.78
1737237376.101046,Starlink-550 75,-19.8631,85.0371,514.36
1737237376.101046,Starlink-550 76,-6.9637,95.4933,510.91
1737237376.101046,Starlink-550 77,6.1676,105.3902,509.15
1737237376.101046,Starlink-550 78,19.1059,115.791,509.24
1737237376.101046,Starlink-550 79,31.349,127.9081,510.76
1737237376.101046,Starlink-550 80,42.1114,143.3869,512.89
1737237376.101046,Starlink-550 81,50.0291,164.1295,514.67
1737237376.101046,Starlink-550 82,53.15,-169.9185,515.38
1737237376.101046,Starlink-550 83,50.3089,-143.8034,514.73
1737237376.101046,Starlink-550 84,42.5777,-122.7723,512.99
1737237376.101046,Starlink-550 85,31.9163,-107.079,510.86
1737237376.101046,Starlink-550 86,19.7238,-94.8404,509.28
1737237376.101046,Starlink-550 87,6.8064,-84.3865,509.11
1737237376.101046,Starlink-550 88,0.2406,-74.4351,509.71
1737237376.101046,Starlink-550 89,-12.8398,-64.42,512.29
1737237376.101046,Starlink-550 90,-25.4795,-53.3313,516.29
1737237376.101046,Starlink-550 91,-37.0697,-39.7724,520.82
1737237376.101046,Starlink-550 92,-46.5815,-21.8848,524.73
1737237376.101046,Starlink-550 93,-52.3137,1.7015,527.02
1737237376.101046,Starlink-550 94,-52.4609,28.5117,527.07
1737237376.101046,Starlink-550 95,-46.9651,52.3595,524.89
1737237376.101046,Starlink-550 96,-37.5926,70.5075,521.03
1737237376.101046,Starlink-550 97,-26.0751,84.2312,516.51
1737237376.101046,Starlink-550 98,-13.4702,95.4042,512.46
1737237376.101046,Starlink-550 99,-0.4005,105.445,509.79
1737237376.101046,Starlink-550 100,12.6884,115.459,508.98
1737237376.101046,Starlink-550 101,25.3537,126.5448,509.87
1737237376.101046,Starlink-550 102,36.9833,140.104,511.81
1737237376.101046,Starlink-550 103,46.5408,158.0089,513.88
1737237376.101046,Starlink-550 104,52.3083,-178.3461,515.19
1737237376.101046,Starlink-550 105,52.4565,-151.4451,515.22
1737237376.101046,Starlink-550 106,46.9266,-127.5361,513.96
1737237376.101046,Starlink-550 107,37.5083,-109.3693,511.91
1737237376.101046,Starlink-550 108,25.951,-95.6449,509.94
1737237376.101046,Starlink-550 109,13.3198,-84.4746,508.98
1737237376.101046,Starlink-550 110,-6.3254,-64.4897,510.78
1737237376.101046,Starlink-550 111,-19.2465,-54.0866,514.16
1737237376.101046,Starlink-550 112,-31.4565,-41.9672,518.56
1737237376.101046,Starlink-550 113,-42.1751,-26.4946,522.92
1737237376.101046,Starlink-550 114,-50.0493,-5.7873,526.13
1737237376.101046,Starlink-550 115,-53.1497,20.0839,527.34
1737237376.101046,Starlink-550 116,-50.3273,46.1165,526.24
1737237376.101046,Starlink-550 117,-42.639,67.1102,523.11
1737237376.101046,Starlink-550 118,-32.0219,82.7964,518.78
1737237376.101046,Starlink-550 119,-19.8631,95.0371,514.36
1737237376.101046,Starlink-550 120,-6.9637,105.4933,510.91
1737237376.101046,Starlink-550 121,6.1676,115.3902,509.15
1737237376.101046,Starlink-550 122,19.1059,125.791,509.24
1737237376.101046,Starlink-550 123,31.349,137.9081,510.76
1737237376.101046,Starlink-550 124,42.1114,153.3869,512.89
1737237376.101046,Starlink-550 125,50.0291,174.1295,514.67
1737237376.101046,Starlink-550 126,53.15,-159.9185,515.38
1737237376.101046,Starlink-550 127,50.3089,-133.8034,514.73
1737237376.101046,Starlink-550 128,42.5777,-112.7723,512.99
1737237376.101046,Starlink-550 129,31.9163,-97.079,510.86
1737237376.101046,Starlink-550 130,19.7238,-84.8404,509.28
1737237376.101046,Starlink-550 131,6.8064,-74.3865,509.11
1737237376.101046,Starlink-550 132,0.2406,-64.4351,509.71
1737237376.101046,Starlink-550 133,-12.8398,-54.42,512.29
1737237376.101046,Starlink-550 134,-25.4795,-43.3313,516.29
1737237376.101046,Starlink-550 135,-37.0697,-29.7724,520.82
1737237376.101046,Starlink-550 136,-46.5815,-11.8848,524.73
1737237376.101046,Starlink-550 137,-52.3137,11.7015,527.02
1737237376.101046,Starlink-550 138,-52.4609,38.5117,527.07
1737237376.101046,Starlink-550 139,-46.9651,62.3595,524.89
1737237376.101046,Starlink-550 140,-37.5926,80.5075,521.03
1737237376.101046,Starlink-550 141,-26.0751,94.2312,516.51
1737237376.101046,Starlink-550 142,-13.4702,105.4042,512.46
1737237376.101046,Starlink-550 143,-0.4005,115.445,509.79
1737237376.101046,Starlink-550 144,12.6884,125.459,508.98
1737237376.101046,Starlink-550 145,25.3537,136.5448,509.87
1737237376.101046,Starlink-550 146,36.9833,150.104,511.81
1737237376.101046,Starlink-550 147,46.5408,168.0089,513.88
1737237376.101046,Starlink-550 148,52.3083,-168.3461,515.19
1737237376.101046,Starlink-550 149,52.4565,-141.4451,515.22
1737237376.101046,Starlink-550 150,46.9266,-117.5361,513.96
1737237376.101046,Starlink-550 151,37.5083,-99.3693,511.91
1737237376.101046,Starlink-550 152,25.951,-85.6449,509.94
1737237376.101046,Starlink-550 153,13.3198,-74.4746,508.98
1737237376.101046,Starlink-550 154,-6.3254,-54.4897,510.78
1737237376.101046,Starlink-550 155,-19.2465,-44.0866,514.16
1737237376.101046,Starlink-550 156,-31.4565,-31.9672,518.56
1737237376.101046,Starlink-550 157,-42.1751,-16.4946,522.92
1737237376.101046,Starlink-550 158,-50.0493,4.2127,526.13
1737237376.101046,Starlink-550 159,-53.1497,30.0839,527.34
1737237376.101046,Starlink-550 160,-50.3273,56.1165,526.24
1737237376.101046,Starlink-550 161,-42.639,77.1102,523.11
1737237376.101046,Starlink-550 162,-32.0219,92.7964,518.78
1737237376.101046,Starlink-550 163,-19.8631,105.0371,514.36
1737237376.101046,Starlink-550 164,-6.9637,115.4933,510.91
1737237376.101046,Starlink-550 165,6.1676,125.3902,509.15
1737237376.101046,Starlink-550 166,19.1059,135.791,509.24
1737237376.101046,Starlink-550 167,31.349,147.9081,510.76
1737237376.101046,Starlink-550 168,42.1114,163.3869,512.89
1737237376.101046,Starlink-550 169,50.0291,-175.8705,514.67
1737237376.101046,Starlink-550 170,53.15,-149.9185,515.38
1737237376.101046,Starlink-550 171,50.3089,-123.8034,514.73
1737237376.101046,Starlink-550 172,42.5777,-102.7723,512.99
1737237376.101046,Starlink-550 173,31.9163,-87.079,510.86
1737237376.101046,Starlink-550 174,19.7238,-74.8404,509.28
1737237376.101046,Starlink-550 175,6.8064,-64.3865,509.11
1737237376.101046,Starlink-550 176,0.2406,-54.4351,509.71
1737237376.101046,Starlink-550 177,-12.8398,-44.42,512.29
1737237376.101046,Starlink-550 178,-25.4795,-33.3313,516.29
1737237376.101046,Starlink-550 179,-37.0697,-19.7724,520.82
1737237376.101046,Starlink-550 180,-46.5815,-1.8848,524.73
1737237376.101046,Starlink-550 181,-52.3137,21.7015,527.02
1737237376.101046,Starlink-550 182,-52.4609,48.5117,527.07
1737237376.101046,Starlink-550 183,-46.9651,72.3595,524.89
1737237376.101046,Starlink-550 184,-37.5926,90.5075,521.03
1737237376.101046,Starlink-550 185,-26.0751,104.2312,516.51
1737237376.101046,Starlink-550 186,-13.4702,115.4042,512.46
1737237376.101046,Starlink-550 187,-0.4005,125.445,509.79
1737237376.101046,Starlink-550 188,12.6884,135.459,508.98
1737237376.101046,Starlink-550 189,25.3537,146.5448,509.87
1737237376.101046,Starlink-550 190,36.9833,160.104,511.81
1737237376.101046,Starlink-550 191,46.5408,178.0089,513.88
1737237376.101046,Starlink-550 192,52.3083,-158.3461,515.19
1737237376.101046,Starlink-550 193,52.4565,-131.4451,515.22
1737237376.101046,Starlink-550 194,46.9266,-107.5361,513.96
1737237376.101046,Starlink-550 195,37.5083,-89.3693,511.91
1737237376.101046,Starlink-550 196,25.951,-75.6449,509.94
1737237376.101046,Starlink-550 197,13.3198,-64.4746,508.98
1737237376.101046,Starlink-550 198,-6.3254,-44.4897,510.78
1737237376.101046,Starlink-550 199,-19.2465,-34.0866,514.16
1737237376.101046,Starlink-550 200,-31.4565,-21.9672,518.56
1737237376.101046,Starlink-550 201,-42.1751,-6.4946,522.92
1737237376.101046,Starlink-550 202,-50.0493,14.2127,526.13
1737237376.101046,Starlink-550 203,-53.1497,40.0839,527.34
1737237376.101046,Starlink-550 204,-50.3273,66.1165,526.24
1737237376.101046,Starlink-550 205,-42.639,87.1102,523.11
1737237376.101046,Starlink-550 206,-32.0219,102.7964,518.78
1737237376.101046,Starlink-550 207,-19.8631,115.0371,514.36
1737237376.101046,Starlink-550 208,-6.9637,125.4933,510.91
1737237376.101046,Starlink-550 209,6.1676,135.3902,509.15
1737237376.101046,Starlink-550 210,19.1059,145.791,509.24
1737237376.101046,Starlink-550 211,31.349,157.9081,510.76
1737237376.101046,Starlink-550 212,42.1114,173.3869,512.89
1737237376.101046,Starlink-550 213,50.0291,-165.8705,514.67
1737237376.101046,Starlink-550 214,53.15,-139.9185,515.38
1737237376.101046,Starlink-550 215,50.3089,-113.8034,514.73
1737237376.101046,Starlink-550 216,42.5777,-92.7723,512.99
1737237376.101046,Starlink-550 217,31.9163,-77.079,510.86
1737237376.101046,Starlink-550 218,19.7238,-64.8404,509.28
1737237376.101046,Starlink-550 219,6.8064,-54.3865,509.11
1737237376.101046,Starlink-550 220,0.2406,-44.4351,509.71
1737237376.101046,Starlink-550 221,-12.8398,-34.42,512.29
1737237376.101046,Starlink-550 222,-25.4795,-23.3313,516.29
1737237376.101046,Starlink-550 223,-37.0697,-9.7724,520.82
1737237376.101046,Starlink-550 224,-46.5815,8.1152,524.73
1737237376.101046,Starlink-550 225,-52.3137,31.7015,527.02
1737237376.101046,Starlink-550 226,-52.4609,58.5117,527.07
1737237376.101046,Starlink-550 227,-46.9651,82.3595,524.89
1737237376.101046,Starlink-550 228,-37.5926,100.5075,521.03
1737237376.101046,Starlink-550 229,-26.0751,114.2312,516.51
1737237376.101046,Starlink-550 230,-13.4702,125.4042,512.46
1737237376.101046,Starlink-550 231,-0.4005,135.445,509.79
1737237376.101046,Starlink-550 232,12.6884,145.459,508.98
1737237376.101046,Starlink-550 233,25.3537,156.5448,509.87
1737237376.101046,Starlink-550 234,36.9833,170.104,511.81
1737237376.101046,Starlink-550 235,46.5408,-171.9911,513.88
1737237376.101046,Starlink-550 236,52.3083,-148.3461,515.19
1737237376.101046,Starlink-550 237,52.4565,-121.4451,515.22
1737237376.101046,Starlink-550 238,46.9266,-97.5361,513.96
1737237376.101046,Starlink-550 239,37.5083,-79.3693,511.91
1737237376.101046,Starlink-550 240,25.951,-65.6449,509.94
1737237376.101046,Starlink-550 241,13.3198,-54.4746,508.98
1737237376.101046,Starlink-550 242,-6.3254,-34.4897,510.78
1737237376.101046,Starlink-550 243,-19.2465,-24.0866,514.16
1737237376.101046,Starlink-550 244,-31.4565,-11.9672,518.56
1737237376.101046,Starlink-550 245,-42.1751,3.5054,522.92
1737237376.101046,Starlink-550 246,-50.0493,24.2127,526.13
1737237376.101046,Starlink-550 247,-53.1497,50.0839,527.34
1737237376.101046,Starlink-550 248,-50.3273,76.1165,526.24
1737237376.101046,Starlink-550 249,-42.639,97.1102,523.11
1737237376.101046,Starlink-550 250,-32.0219,112.7964,518.78
1737237376.101046,Starlink-550 251,-19.8631,125.0371,514.36
1737237376.101046,Starlink-550 252,-6.9637,135.4933,510.91
1737237376.101046,Starlink-550 253,6.1676,145.3902,509.15
1737237376.101046,Starlink-550 254,19.1059,155.791,509.24
1737237376.101046,Starlink-550 255,31.349,167.9081,510.76
1737237376.101046,Starlink-550 256,42.1114,-176.6131,512.89
1737237376.101046,Starlink-550 257,50.0291,-155.8705,514.67
1737237376.101046,Starlink-550 258,53.15,-129.9185,515.38
1737237376.101046,Starlink-550 259,50.3089,-103.8034,514.73
1737237376.101046,Starlink-550 260,42.5777,-82.7723,512.99
1737237376.101046,Starlink-550 261,31.9163,-67.079,510.86
1737237376.101046,Starlink-550 262,19.7238,-54.8404,509.28
1737237376.101046,Starlink-550 263,6.8064,-44.3865,509.11
1737237376.101046,Starlink-550 264,0.2406,-34.4351,509.71
1737237376.101046,Starlink-550 265,-12.8398,-24.42,512.29
1737237376.101046,Starlink-550 266,-25.4795,-13.3313,516.29
1737237376.101046,Starlink-550 267,-37.0697,0.2276,520.82
1737237376.101046,Starlink-550 268,-46.5815,18.1152,524.73
1737237376.101046,Starlink-550 269,-52.3137,41.7015,527.02
1737237376.101046,Starlink-550 270,-52.4609,68.5117,527.07
1737237376.101046,Starlink-550 271,-46.9651,92.3595,524.89
1737237376.101046,Starlink-550 272,-37.5926,110.5075,521.03
1737237376.101046,Starlink-550 273,-26.0751,124.2312,516.51
1737237376.101046,Starlink-550 274,-13.4702,135.4042,512.46
1737237376.101046,Starlink-550 275,-0.4005,145.445,509.79
1737237376.101046,Starlink-550 276,12.6884,155.459,508.98
1737237376.101046,Starlink-550 277,25.3537,166.5448,509.87
1737237376.101046,Starlink-550 278,36.9833,-179.896,511.81
1737237376.101046,Starlink-550 279,46.5408,-161.9911,513.88
1737237376.101046,Starlink-550 280,52.3083,-138.3461,515.19
1737237376.101046,Starlink-550 281,52.4565,-111.4451,515.22
1737237376.101046,Starlink-550 282,46.9266,-87.5361,513.96
1737237376.101046,Starlink-550 283,37.5083,-69.3693,511.91
1737237376.101046,Starlink-550 284,25.951,-55.6449,509.94
1737237376.101046,Starlink-550 285,13.3198,-44.4746,508.98
1737237376.101046,Starlink-550 286,-6.3254,-24.4897,510.78
1737237376.101046,Starlink-550 287,-19.2465,-14.0866,514.16
1737237376.101046,Starlink-550 288,-31.4565,-1.9672,518.56
1737237376.101046,Starlink-550 289,-42.1751,13.5054,522.92
1737237376.101046,Starlink-550 290,-50.0493,34.2127,526.13
1737237376.101046,Starlink-550 291,-53.1497,60.0839,527.34
1737237376.101046,Starlink-550 292,-50.3273,86.1165,526.24
1737237376.101046,Starlink-550 293,-42.639,107.1102,523.11
1737237376.101046,Starlink-550 294,-32.0219,122.7964,518.78
1737237376.101046,Starlink-550 295,-19.8631,135.0371,514.36
1737237376.101046,Starlink-550 296,-6.9637,145.4933,510.91
1737237376.101046,Starlink-550 297,6.1676,155.3902,509.15
1737237376.101046,Starlink-550 298,19.1059,165.791,509.24
1737237376.101046,Starlink-550 299,31.349,177.9081,510.76
1737237376.101046,Starlink-550 300,42.1114,-166.6131,512.89
1737237376.101046,Starlink-550 301,50.0291,-145.8705,514.67
1737237376.101046,Starlink-550 302,53.15,-119.9185,515.38
1737237376.101046,Starlink-550 303,50.3089,-93.8034,514.73
1737237376.101046,Starlink-550 304,42.5777,-72.7723,512.99
1737237376.101046,Starlink-550 305,31.9163,-57.079,510.86
1737237376.101046,Starlink-550 306,19.7238,-44.8404,509.28
1737237376.101046,Starlink-550 307,6.8064,-34.3865,509.11
1737237376.101046,Starlink-550 308,0.2406,-24.4351,509.71
1737237376.101046,Starlink-550 309,-12.8398,-14.42,512.29
1737237376.101046,Starlink-550 310,-25.4795,-3.3313,516.29
1737237376.101046,Starlink-550 311,-37.0697,10.2276,520.82
1737237376.101046,Starlink-550 312,-46.5815,28.1152,524.73
1737237376.101046,Starlink-550 313,-52.3137,51.7015,527.02
1737237376.101046,Starlink-550 314,-52.4609,78.5117,527.07
1737237376.101046,Starlink-550 315,-46.9651,102.3595,524.89
1737237376.101046,Starlink-550 316,-37.5926,120.5075,521.03
1737237376.101046,Starlink-550 317,-26.0751,134.2312,516.51
1737237376.101046,Starlink-550 318,-13.4702,145.4042,512.46
1737237376.101046,Starlink-550 319,-0.4005,155.445,509.79
1737237376.101046,Starlink-550 320,12.6884,165.459,508.98
1737237376.101046,Starlink-550 321,25.3537,176.5448,509.87
1737237376.101046,Starlink-550 322,36.9833,-169.896,511.81
1737237376.101046,Starlink-550 323,46.5408,-151.9911,513.88
1737237376.101046,Starlink-550 324,52.3083,-128.3461,515.19
1737237376.101046,Starlink-550 325,52.4565,-101.4451,515.22
1737237376.101046,Starlink-550 326,46.9266,-77.5361,513.96
1737237376.101046,Starlink-550 327,37.5083,-59.3693,511.91
1737237376.101046,Starlink-550 328,25.951,-45.6449,509.94
1737237376.101046,Starlink-550 329,13.3198,-34.4746,508.98
1737237376.101046,Starlink-550 330,-6.3254,-14.4897,510.78
1737237376.101046,Starlink-550 331,-19.2465,-4.0866,514.16
1737237376.101046,Starlink-550 332,-31.4565,8.0328,518.56
1737237376.101046,Starlink-550 333,-42.1751,23.5054,522.92
1737237376.101046,Starlink-550 334,-50.0493,44.2127,526.13
1737237376.101046,Starlink-550 335,-53.1497,70.0839,527.34
1737237376.101046,Starlink-550 336,-50.3273,96.1165,526.24
1737237376.101046,Starlink-550 337,-42.639,117.1102,523.11
1737237376.101046,Starlink-550 338,-32.0219,132.7964,518.78
1737237376.101046,Starlink-550 339,-19.8631,145.0371,514.36
1737237376.101046,Starlink-550 340,-6.9637,155.4933,510.91
1737237376.101046,Starlink-550 341,6.1676,165.3902,509.15
1737237376.101046,Starlink-550 342,19.1059,175.791,509.24
1737237376.101046,Starlink-550 343,31.349,-172.0919,510.76
1737237376.101046,Starlink-550 344,42.1114,-156.6131,512.89
1737237376.101046,Starlink-550 345,50.0291,-135.8705,514.67
1737237376.101046,Starlink-550 346,53.15,-109.9185,515.38
1737237376.101046,Starlink-550 347,50.3089,-83.8034,514.73
1737237376.101046,Starlink-550 348,42.5777,-62.7723,512.99
1737237376.101046,Starlink-550 349,31.9163,-47.079,510.86
1737237376.101046,Starlink-550 350,19.7238,-34.8404,509.28
1737237376.101046,Starlink-550 351,6.8064,-24.3865,509.11
1737237376.101046,Starlink-550 352,0.2406,-14.4351,509.71
1737237376.101046,Starlink-550 353,-12.8398,-4.42,512.29
1737237376.101046,Starlink-550 354,-25.4795,6.6687,516.29
1737237376.101046,Starlink-550 355,-37.0697,20.2276,520.82
1737237376.101046,Starlink-550 356,-46.5815,38.1152,524.73
1737237376.101046,Starlink-550 357,-52.3137,61.7015,527.02
1737237376.101046,Starlink-550 358,-52.4609,88.5117,527.07
1737237376.101046,Starlink-550 359,-46.9651,112.3595,524.89
1737237376.101046,Starlink-550 360,-37.5926,130.5075,521.03
1737237376.101046,Starlink-550 361,-26.0751,144.2312,516.51
1737237376.101046,Starlink-550 362,-13.4702,155.4042,512.46
1737237376.101046,Starlink-550 363,-0.4005,165.445,509.79
1737237376.101046,Starlink-550 364,12.6884,175.459,508.98
1737237376.101046,Starlink-550 365,25.3537,-173.4552,509.87
1737237376.101046,Starlink-550 366,36.9833,-159.896,511.81
1737237376.101046,Starlink-550 367,46.5408,-141.9911,513.88
1737237376.101046,Starlink-550 368,52.3083,-118.3461,515.19
1737237376.101046,Starlink-550 369,52.4565,-91.4451,515.22
1737237376.101046,Starlink-550 370,46.9266,-67.5361,513.96
1737237376.101046,Starlink-550 371,37.5083,-49.3693,511.91
1737237376.101046,Starlink-550 372,25.951,-35.6449,509.94
1737237376.101046,Starlink-550 373,13.3198,-24.4746,508.98
1737237376.101046,Starlink-550 374,-6.3254,-4.4897,510.78
1737237376.101046,Starlink-550 375,-19.2465,5.9134,514.16
1737237376.101046,Starlink-550 376,-31.4565,18.0328,518.56
1737237376.101046,Starlink-550 377,-42.1751,33.5054,522.92
1737237376.101046,Starlink-550 378,-50.0493,54.2127,526.13
1737237376.101046,Starlink-550 379,-53.1497,80.0839,527.34
1737237376.101046,Starlink-550 380,-50.3273,106.1165,526.24
1737237376.101046,Starlink-550 381,-42.639,127.1102,523.11
1737237376.101046,Starlink-550 382,-32.0219,142.7964,518.78
1737237376.101046,Starlink-550 383,-19.8631,155.0371,514.36
1737237376.101046,Starlink-550 384,-6.9637,165.4933,510.91
1737237376.101046,Starlink-550 385,6.1676,175.3902,509.15
1737237376.101046,Starlink-550 386,19.1059,-174.209,509.24
1737237376.101046,Starlink-550 387,31.349,-162.0919,510.76
1737237376.101046,Starlink-550 388,42.1114,-146.6131,512.89
1737237376.101046,Starlink-550 389,50.0291,-125.8705,514.67
1737237376.101046,Starlink-550 390,53.15,-99.9185,515.38
1737237376.101046,Starlink-550 391,50.3089,-73.8034,514.73
1737237376.101046,Starlink-550 392,42.5777,-52.7723,512.99
1737237376.101046,Starlink-550 393,31.9163,-37.079,510.86
1737237376.101046,Starlink-550 394,19.7238,-24.8404,509.28
1737237376.101046,Starlink-550 395,6.8064,-14.3865,509.11
1737237376.101046,Starlink-550 396,0.2406,-4.4351,509.71
1737237376.101046,Starlink-550 397,-12.8398,5.58,512.29
1737237376.101046,Starlink-550 398,-25.4795,16.6687,516.29
1737237376.101046,Starlink-550 399,-37.0697,30.2276,520.82
1737237376.101046,Starlink-550 400,-46.5815,48.1152,524.73
1737237376.101046,Starlink-550 401,-52.3137,71.7015,527.02
1737237376.101046,Starlink-550 402,-52.4609,98.5117,527.07
1737237376.101046,Starlink-550 403,-46.9651,122.3595,524.89
1737237376.101046,Starlink-550 404,-37.5926,140.5075,521.03
1737237376.101046,Starlink-550 405,-26.0751,154.2312,516.51
1737237376.101046,Starlink-550 406,-13.4702,165.4042,512.46
1737237376.101046,Starlink-550 407,-0.4005,175.445,509.79
1737237376.101046,Starlink-550 408,12.6884,-174.541,508.98
1737237376.101046,Starlink-550 409,25.3537,-163.4552,509.87
1737237376.101046,Starlink-550 410,36.9833,-149.896,511.81
1737237376.101046,Starlink-550 411,46.5408,-131.9911,513.88
1737237376.101046,Starlink-550 412,52.3083,-108.3461,515.19
1737237376.101046,Starlink-550 413,52.4565,-81.4451,515.22
1737237376.101046,Starlink-550 414,46.9266,-57.5361,513.96
1737237376.101046,Starlink-550 415,37.5083,-39.3693,511.91
1737237376.101046,Starlink-550 416,25.951,-25.6449,509.94
1737237376.101046,Starlink-550 417,13.3198,-14.4746,508.98
1737237376.101046,Starlink-550 418,-6.3254,5.5103,510.78
1737237376.101046,Starlink-550 419,-19.2465,15.9134,514.16
1737237376.101046,Starlink-550 420,-31.4565,28.0328,518.56
1737237376.101046,Starlink-550 421,-42.1751,43.5054,522.92
1737237376.101046,Starlink-550 422,-50.0493,64.2127,526.13
1737237376.101046,Starlink-550 423,-53.1497,90.0839,527.34
1737237376.101046,Starlink-550 424,-50.3273,116.1165,526.24
1737237376.101046,Starlink-550 425,-42.639,137.1102,523.11
1737237376.101046,Starlink-550 426,-32.0219,152.7964,518.78
1737237376.101046,Starlink-550 427,-19.8631,165.0371,514.36
1737237376.101046,Starlink-550 428,-6.9637,175.4933,510.91
1737237376.101046,Starlink-550 429,6.1676,-174.6098,509.15
1737237376.101046,Starlink-550 430,19.1059,-164.209,509.24
1737237376.101046,Starlink-550 431,31.349,-152.0919,510.76
1737237376.101046,Starlink-550 432,42.1114,-136.6131,512.89
1737237376.101046,Starlink-550 433,50.0291,-115.8705,514.67
1737237376.101046,Starlink-550 434,53.15,-89.9185,515.38
1737237376.101046,Starlink-550 435,50.3089,-63.8034,514.73
1737237376.101046,Starlink-550 436,42.5777,-42.7723,512.99
1737237376.101046,Starlink-550 437,31.9163,-27.079,510.86
1737237376.101046,Starlink-550 438,19.7238,-14.8404,509.28
1737237376.101046,Starlink-550 439,6.8064,-4.3865,509.11
1737237376.101046,Starlink-550 440,0.2406,5.5649,509.71
1737237376.101046,Starlink-550 441,-12.8398,15.58,512.29
1737237376.101046,Starlink-550 442,-25.4795,26.6687,516.29
1737237376.101046,Starlink-550 443,-37.0697,40.2276,520.82
1737237376.101046,Starlink-550 444,-46.5815,58.1152,524.73
1737237376.101046,Starlink-550 445,-52.3137,81.7015,527.02
1737237376.101046,Starlink-550 446,-52.4609,108.5117,527.07
1737237376.101046,Starlink-550 447,-46.9651,132.3595,524.89
1737237376.101046,Starlink-550 448,-37.5926,150.5075,521.03
1737237376.101046,Starlink-550 449,-26.0751,164.2312,516.51
1737237376.101046,Starlink-550 450,-13.4702,175.4042,512.46
1737237376.101046,Starlink-550 451,-0.4005,-174.555,509.79
1737237376.101046,Starlink-550 452,12.6884,-164.541,508.98
1737237376.101046,Starlink-550 453,25.3537,-153.4552,509.87
1737237376.101046,Starlink-550 454,36.9833,-139.896,511.81
1737237376.101046,Starlink-550 455,46.5408,-121.9911,513.88
1737237376.101046,Starlink-550 456,52.3083,-98.3461,515.19
1737237376.101046,Starlink-550 457,52.4565,-71.4451,515.22
1737237376.101046,Starlink-550 458,46.9266,-47.5361,513.96
1737237376.101046,Starlink-550 459,37.5083,-29.3693,511.91
1737237376.101046,Starlink-550 460,25.951,-15.6449,509.94
1737237376.101046,Starlink-550 461,13.3198,-4.4746,508.98
1737237376.101046,Starlink-550 462,-6.3254,15.5103,510.78
1737237376.101046,Starlink-550 463,-19.2465,25.9134,514.16
1737237376.101046,Starlink-550 464,-31.4565,38.0328,518.56
1737237376.101046,Starlink-550 465,-42.1751,53.5054,522.92
1737237376.101046,Starlink-550 466,-50.0493,74.2127,526.13
1737237376.101046,Starlink-550 467,-53.1497,100.0839,527.34
1737237376.101046,Starlink-550 468,-50.3273,126.1165,526.24
1737237376.101046,Starlink-550 469,-42.639,147.1102,523.11
1737237376.101046,Starlink-550 470,-32.0219,162.7964,518.78
1737237376.101046,Starlink-550 471,-19.8631,175.0371,514.36
1737237376.101046,Starlink-550 472,-6.9637,-174.5067,510.91
1737237376.101046,Starlink-550 473,6.1676,-164.6098,509.15
1737237376.101046,Starlink-550 474,19.1059,-154.209,509.24
1737237376.101046,Starlink-550 475,31.349,-142.0919,510.76
1737237376.101046,Starlink-550 476,42.1114,-126.6131,512.89
1737237376.101046,Starlink-550 477,50.0291,-105.8705,514.67
1737237376.101046,Starlink-550 478,53.15,-79.9185,515.38
1737237376.101046,Starlink-550 479,50.3089,-53.8034,514.73
1737237376.101046,Starlink-550 480,42.5777,-32.7723,512.99
1737237376.101046,Starlink-550 481,31.9163,-17.079,510.86
1737237376.101046,Starlink-550 482,19.7238,-4.8404,509.28
1737237376.101046,Starlink-550 483,6.8064,5.6135,509.11
1737237376.101046,Starlink-550 484,0.2406,15.5649,509.71
1737237376.101046,Starlink-550 485,-12.8398,25.58,512.29
1737237376.101046,Starlink-550 486,-25.4795,36.6687,516.29
1737237376.101046,Starlink-550 487,-37.0697,50.2276,520.82
1737237376.101046,Starlink-550 488,-46.5815,68.1152,524.73
1737237376.101046,Starlink-550 489,-52.3137,91.7015,527.02
1737237376.101046,Starlink-550 490,-52.4609,118.5117,527.07
1737237376.101046,Starlink-550 491,-46.9651,142.3595,524.89
1737237376.101046,Starlink-550 492,-37.5926,160.5075,521.03
1737237376.101046,Starlink-550 493,-26.0751,174.2312,516.51
1737237376.101046,Starlink-550 494,-13.4702,-174.5958,512.46
1737237376.101046,Starlink-550 495,-0.4005,-164.555,509.79
1737237376.101046,Starlink-550 496,12.6884,-154.541,508.98
1737237376.101046,Starlink-550 497,25.3537,-143.4552,509.87
1737237376.101046,Starlink-550 498,36.9833,-129.896,511.81
1737237376.101046,Starlink-550 499,46.5408,-111.9911,513.88
1737237376.101046,Starlink-550 500,52.3083,-88.3461,515.19
1737237376.101046,Starlink-550 501,52.4565,-61.4451,515.22
1737237376.101046,Starlink-550 502,46.9266,-37.5361,513.96
1737237376.101046,Starlink-550 503,37.5083,-19.3693,511.91
1737237376.101046,Starlink-550 504,25.951,-5.6449,509.94
1737237376.101046,Starlink-550 505,13.3198,5.5254,508.98
1737237376.101046,Starlink-550 506,-6.3254,25.5103,510.78
1737237376.101046,Starlink-550 507,-19.2465,35.9134,514.16
1737237376.101046,Starlink-550 508,-31.4565,48.0328,518.56
1737237376.101046,Starlink-550 509,-42.1751,63.5054,522.92
1737237376.101046,Starlink-550 510,-50.0493,84.2127,526.13
1737237376.101046,Starlink-550 511,-53.1497,110.0839,527.34
1737237376.101046,Starlink-550 512,-50.3273,136.1165,526.24
1737237376.101046,Starlink-550 513,-42.639,157.1102,523.11
1737237376.101046,Starlink-550 514,-32.0219,172.7964,518.78
1737237376.101046,Starlink-550 515,-19.8631,-174.9629,514.36
1737237376.101046,Starlink-550 516,-6.9637,-164.5067,510.91
1737237376.101046,Starlink-550 517,6.1676,-154.6098,509.15
1737237376.101046,Starlink-550 518,19.1059,-144.209,509.24
1737237376.101046,Starlink-550 519,31.349,-132.0919,510.76
1737237376.101046,Starlink-550 520,42.1114,-116.6131,512.89
1737237376.101046,Starlink-550 521,50.0291,-95.8705,514.67
1737237376.101046,Starlink-550 522,53.15,-69.9185,515.38
1737237376.101046,Starlink-550 523,50.3089,-43.8034,514.73
1737237376.101046,Starlink-550 524,42.5777,-22.7723,512.99
1737237376.101046,Starlink-550 525,31.9163,-7.079,510.86
1737237376.101046,Starlink-550 526,19.7238,5.1596,509.28
1737237376.101046,Starlink-550 527,6.8064,15.6135,509.11
1737237376.101046,Starlink-550 528,0.2406,25.5649,509.71
1737237376.101046,Starlink-550 529,-12.8398,35.58,512.29
1737237376.101046,Starlink-550 530,-25.4795,46.6687,516.29
1737237376.101046,Starlink-550 531,-37.0697,60.2276,520.82
1737237376.101046,Starlink-550 532,-46.5815,78.1152,524.73
1737237376.101046,Starlink-550 533,-52.3137,101.7015,527.02
1737237376.101046,Starlink-550 534,-52.4609,128.5117,527.07
1737237376.101046,Starlink-550 535,-46.9651,152.3595,524.89
1737237376.101046,Starlink-550 536,-37.5926,170.5075,521.03
1737237376.101046,Starlink-550 537,-26.0751,-175.7688,516.51
1737237376.101046,Starlink-550 538,-13.4702,-164.5958,512.46
1737237376.101046,Starlink-550 539,-0.4005,-154.555,509.79
1737237376.101046,Starlink-550 540,12.6884,-144.541,508.98
1737237376.101046,Starlink-550 541,25.3537,-133.4552,509.87
1737237376.101046,Starlink-550 542,36.9833,-119.896,511.81
1737237376.101046,Starlink-550 543,46.5408,-101.9911,513.88
1737237376.101046,Starlink-550 544,52.3083,-78.3461,515.19
1737237376.101046,Starlink-550 545,52.4565,-51.4451,515.22
1737237376.101046,Starlink-550 546,46.9266,-27.5361,513.96
1737237376.101046,Starlink-550 547,37.5083,-9.3693,511.91
1737237376.101046,Starlink-550 548,25.951,4.3551,509.94
1737237376.101046,Starlink-550 549,13.3198,15.5254,508.98
1737237376.101046,Starlink-550 550,-6.3254,35.5103,510.78
1737237376.101046,Starlink-550 551,-19.2465,45.9134,514.16
1737237376.101046,Starlink-550 552,-31.4565,58.0328,518.56
1737237376.101046,Starlink-550 553,-42.1751,73.5054,522.92
1737237376.101046,Starlink-550 554,-50.0493,94.2127,526.13
1737237376.101046,Starlink-550 555,-53.1497,120.0839,527.34
1737237376.101046,Starlink-550 556,-50.3273,146.1165,526.24
1737237376.101046,Starlink-550 557,-42.639,167.1102,523.11
1737237376.101046,Starlink-550 558,-32.0219,-177.2036,518.78
1737237376.101046,Starlink-550 559,-19.8631,-164.9629,514.36
1737237376.101046,Starlink-550 560,-6.9637,-154.5067,510.91
1737237376.101046,Starlink-550 561,6.1676,-144.6098,509.15
1737237376.101046,Starlink-550 562,19.1059,-134.209,509.24
1737237376.101046,Starlink-550 563,31.349,-122.0919,510.76
1737237376.101046,Starlink-550 564,42.1114,-106.6131,512.89
1737237376.101046,Starlink-550 565,50.0291,-85.8705,514.67
1737237376.101046,Starlink-550 566,53.15,-59.9185,515.38
1737237376.101046,Starlink-550 567,50.3089,-33.8034,514.73
1737237376.101046,Starlink-550 568,42.5777,-12.7723,512.99
1737237376.101046,Starlink-550 569,31.9163,2.921,510.86
1737237376.101046,Starlink-550 570,19.7238,15.1596,509.28
1737237376.101046,Starlink-550 571,6.8064,25.6135,509.11
1737237376.101046,Starlink-550 572,0.2406,35.5649,509.71
1737237376.101046,Starlink-550 573,-12.8398,45.58,512.29
1737237376.101046,Starlink-550 574,-25.4795,56.6687,516.29
1737237376.101046,Starlink-550 575,-37.0697,70.2276,520.82
1737237376.101046,Starlink-550 576,-46.5815,88.1152,524.73
1737237376.101046,Starlink-550 577,-52.3137,111.7015,527.02
1737237376.101046,Starlink-550 578,-52.4609,138.5117,527.07
1737237376.101046,Starlink-550 579,-46.9651,162.3595,524.89
1737237376.101046,Starlink-550 580,-37.5926,-179.4925,521.03
1737237376.101046,Starlink-550 581,-26.0751,-165.7688,516.51
1737237376.101046,Starlink-550 582,-13.4702,-154.5958,512.46
1737237376.101046,Starlink-550 583,-0.4005,-144.555,509.79
1737237376.101046,Starlink-550 584,12.6884,-134.541,508.98
1737237376.101046,Starlink-550 585,25.3537,-123.4552,509.87
1737237376.101046,Starlink-550 586,36.9833,-109.896,511.81
1737237376.101046,Starlink-550 587,46.5408,-91.9911,513.88
1737237376.101046,Starlink-550 588,52.3083,-68.3461,515.19
1737237376.101046,Starlink-550 589,52.4565,-41.4451,515.22
1737237376.101046,Starlink-550 590,46.9266,-17.5361,513.96
1737237376.101046,Starlink-550 591,37.5083,0.6307,511.91
1737237376.101046,Starlink-550 592,25.951,14.3551,509.94
1737237376.101046,Starlink-550 593,13.3198,25.5254,508.98
1737237376.101046,Starlink-550 594,-6.3254,45.5103,510.78
1737237376.101046,Starlink-550 595,-19.2465,55.9134,514.16
1737237376.101046,Starlink-550 596,-31.4565,68.0328,518.56
1737237376.101046,Starlink-550 597,-42.1751,83.5054,522.92
1737237376.101046,Starlink-550 598,-50.0493,104.2127,526.13
1737237376.101046,Starlink-550 599,-53.1497,130.0839,527.34
1737237376.101046,Starlink-550 600,-50.3273,156.1165,526.24
1737237376.101046,Starlink-550 601,-42.639,177.1102,523.11
1737237376.101046,Starlink-550 602,-32.0219,-167.2036,518.78
1737237376.101046,Starlink-550 603,-19.8631,-154.9629,514.36
1737237376.101046,Starlink-550 604,-6.9637,-144.5067,510.91
1737237376.101046,Starlink-550 605,6.1676,-134.6098,509.15
1737237376.101046,Starlink-550 606,19.1059,-124.209,509.24
1737237376.101046,Starlink-550 607,31.349,-112.0919,510.76
1737237376.101046,Starlink-550 608,42.1114,-96.6131,512.89
1737237376.101046,Starlink-550 609,50.0291,-75.8705,514.67
1737237376.101046,Starlink-550 610,53.15,-49.9185,515.38
1737237376.101046,Starlink-550 611,50.3089,-23.8034,514.73
1737237376.101046,Starlink-550 612,42.5777,-2.7723,512.99
1737237376.101046,Starlink-550 613,31.9163,12.921,510.86
1737237376.101046,Starlink-550 614,19.7238,25.1596,509.28
1737237376.101046,Starlink-550 615,6.8064,35.6135,509.11
1737237376.101046,Starlink-550 616,0.2406,45.5649,509.71
1737237376.101046,Starlink-550 617,-12.8398,55.58,512.29
1737237376.101046,Starlink-550 618,-25.4795,66.6687,516.29
1737237376.101046,Starlink-550 619,-37.0697,80.2276,520.82
1737237376.101046,Starlink-550 620,-46.5815,98.1152,524.73
1737237376.101046,Starlink-550 621,-52.3137,121.7015,527.02
1737237376.101046,Starlink-550 622,-52.4609,148.5117,527.07
1737237376.101046,Starlink-550 623,-46.9651,172.3595,524.89
1737237376.101046,Starlink-550 624,-37.5926,-169.4925,521.03
1737237376.101046,Starlink-550 625,-26.0751,-155.7688,516.51
1737237376.101046,Starlink-550 626,-13.4702,-144.5958,512.46
1737237376.101046,Starlink-550 627,-0.4005,-134.555,509.79
1737237376.101046,Starlink-550 628,12.6884,-124.541,508.98
1737237376.101046,Starlink-550 629,25.3537,-113.4552,509.87
1737237376.101046,Starlink-550 630,36.9833,-99.896,511.81
1737237376.101046,Starlink-550 631,46.5408,-81.9911,513.88
1737237376.101046,Starlink-550 632,52.3083,-58.3461,515.19
1737237376.101046,Starlink-550 633,52.4565,-31.4451,515.22
1737237376.101046,Starlink-550 634,46.9266,-7.5361,513.96
1737237376.101046,Starlink-550 635,37.5083,10.6307,511.91
1737237376.101046,Starlink-550 636,25.951,24.3551,509.94
1737237376.101046,Starlink-550 637,13.3198,35.5254,508.98
1737237376.101046,Starlink-550 638,-6.3254,55.5103,510.78
1737237376.101046,Starlink-550 639,-19.2465,65.9134,514.16
1737237376.101046,Starlink-550 640,-31.4565,78.0328,518.56
1737237376.101046,Starlink-550 641,-42.1751,93.5054,522.92
1737237376.101046,Starlink-550 642,-50.0493,114.2127,526.13
1737237376.101046,Starlink-550 643,-53.1497,140.0839,527.34
1737237376.101046,Starlink-550 644,-50.3273,166.1165,526.24
1737237376.101046,Starlink-550 645,-42.639,-172.8898,523.11
1737237376.101046,Starlink-550 646,-32.0219,-157.2036,518.78
1737237376.101046,Starlink-550 647,-19.8631,-144.9629,514.36
1737237376.101046,Starlink-550 648,-6.9637,-134.5067,510.91
1737237376.101046,Starlink-550 649,6.1676,-124.6098,509.15
1737237376.101046,Starlink-550 650,19.1059,-114.209,509.24
1737237376.101046,Starlink-550 651,31.349,-102.0919,510.76
1737237376.101046,Starlink-550 652,42.1114,-86.6131,512.89
1737237376.101046,Starlink-550 653,50.0291,-65.8705,514.67
1737237376.101046,Starlink-550 654,53.15,-39.9185,515.38
1737237376.101046,Starlink-550 655,50.3089,-13.8034,514.73
1737237376.101046,Starlink-550 656,42.5777,7.2277,512.99
1737237376.101046,Starlink-550 657,31.9163,22.921,510.86
1737237376.101046,Starlink-550 658,19.7238,35.1596,509.28
1737237376.101046,Starlink-550 659,6.8064,45.6135,509.11
1737237376.101046,Starlink-550 660,0.2406,55.5649,509.71
1737237376.101046,Starlink-550 661,-12.8398,65.58,512.29
1737237376.101046,Starlink-550 662,-25.4795,76.6687,516.29
1737237376.101046,Starlink-550 663,-37.0697,90.2276,520.82
1737237376.101046,Starlink-550 664,-46.5815,108.1152,524.73
1737237376.101046,Starlink-550 665,-52.3137,131.7015,527.02
1737237376.101046,Starlink-550 666,-52.4609,158.5117,527.07
1737237376.101046,Starlink-550 667,-46.9651,-177.6405,524.89
1737237376.101046,Starlink-550 668,-37.5926,-159.4925,521.03
1737237376.101046,Starlink-550 669,-26.0751,-145.7688,516.51
1737237376.101046,Starlink-550 670,-13.4702,-134.5958,512.46
1737237376.101046,Starlink-550 671,-0.4005,-124.555,509.79
1737237376.101046,Starlink-550 672,12.6884,-114.541,508.98
1737237376.101046,Starlink-550 673,25.3537,-103.4552,509.87
1737237376.101046,Starlink-550 674,36.9833,-89.896,511.81
1737237376.101046,Starlink-550 675,46.5408,-71.9911,513.88
1737237376.101046,Starlink-550 676,52.3083,-48.3461,515.19
1737237376.101046,Starlink-550 677,52.4565,-21.4451,515.22
1737237376.101046,Starlink-550 678,46.9266,2.4639,513.96
1737237376.101046,Starlink-550 679,37.5083,20.6307,511.91
1737237376.101046,Starlink-550 680,25.951,34.3551,509.94
1737237376.101046,Starlink-550 681,13.3198,45.5254,508.98
1737237376.101046,Starlink-550 682,-6.3254,65.5103,510.78
1737237376.101046,Starlink-550 683,-19.2465,75.9134,514.16
1737237376.101046,Starlink-550 684,-31.4565,88.0328,518.56
1737237376.101046,Starlink-550 685,-42.1751,103.5054,522.92
1737237376.101046,Starlink-550 686,-50.0493,124.2127,526.13
1737237376.101046,Starlink-550 687,-53.1497,150.0839,527.34
1737237376.101046,Starlink-550 688,-50.3273,176.1165,526.24
1737237376.101046,Starlink-550 689,-42.639,-162.8898,523.11
1737237376.101046,Starlink-550 690,-32.0219,-147.2036,518.78
1737237376.101046,Starlink-550 691,-19.8631,-134.9629,514.36
1737237376.101046,Starlink-550 692,-6.9637,-124.5067,510.91
1737237376.101046,Starlink-550 693,6.1676,-114.6098,509.15
1737237376.101046,Starlink-550 694,19.1059,-104.209,509.24
1737237376.101046,Starlink-550 695,31.349,-92.0919,510.76
1737237376.101046,Starlink-550 696,42.1114,-76.6131,512.89
1737237376.101046,Starlink-550 697,50.0291,-55.8705,514.67
1737237376.101046,Starlink-550 698,53.15,-29.9185,515.38
1737237376.101046,Starlink-550 699,50.3089,-3.8034,514.73
1737237376.101046,Starlink-550 700,42.5777,17.2277,512.99
1737237376.101046,Starlink-550 701,31.9163,32.921,510.86
1737237376.101046,Starlink-550 702,19.7238,45.1596,509.28
1737237376.101046,Starlink-550 703,6.8064,55.6135,509.11
1737237376.101046,Starlink-550 704,0.2406,65.5649,509.71
1737237376.101046,Starlink-550 705,-12.8398,75.58,512.29
1737237376.101046,Starlink-550 706,-25.4795,86.6687,516.29
1737237376.101046,Starlink-550 707,-37.0697,100.2276,520.82
1737237376.101046,Starlink-550 708,-46.5815,118.1152,524.73
1737237376.101046,Starlink-550 709,-52.3137,141.7015,527.02
1737237376.101046,Starlink-550 710,-52.4609,168.5117,527.07
1737237376.101046,Starlink-550 711,-46.9651,-167.6405,524.89
1737237376.101046,Starlink-550 712,-37.5926,-149.4925,521.03
1737237376.101046,Starlink-550 713,-26.0751,-135.7688,516.51
1737237376.101046,Starlink-550 714,-13.4702,-124.5958,512.46
1737237376.101046,Starlink-550 715,-0.4005,-114.555,509.79
1737237376.101046,Starlink-550 716,12.6884,-104.541,508.98
1737237376.101046,Starlink-550 717,25.3537,-93.4552,509.87
1737237376.101046,Starlink-550 718,36.9833,-79.896,511.81
1737237376.101046,Starlink-550 719,46.5408,-61.9911,513.88
1737237376.101046,Starlink-550 720,52.3083,-38.3461,515.19
1737237376.101046,Starlink-550 721,52.4565,-11.4451,515.22
1737237376.101046,Starlink-550 722,46.9266,12.4639,513.96
1737237376.101046,Starlink-550 723,37.5083,30.6307,511.91
1737237376.101046,Starlink-550 724,25.951,44.3551,509.94
1737237376.101046,Starlink-550 725,13.3198,55.5254,508.98
1737237376.101046,Starlink-550 726,-6.3254,75.5103,510.78
1737237376.101046,Starlink-550 727,-19.2465,85.9134,514.16
1737237376.101046,Starlink-550 728,-31.4565,98.0328,518.56
1737237376.101046,Starlink-550 729,-42.1751,113.5054,522.92
1737237376.101046,Starlink-550 730,-50.0493,134.2127,526.13
1737237376.101046,Starlink-550 731,-53.1497,160.0839,527.34
1737237376.101046,Starlink-550 732,-50.3273,-173.8835,526.24
1737237376.101046,Starlink-550 733,-42.639,-152.8898,523.11
1737237376.101046,Starlink-550 734,-32.0219,-137.2036,518.78
1737237376.101046,Starlink-550 735,-19.8631,-124.9629,514.36
1737237376.101046,Starlink-550 736,-6.9637,-114.5067,510.91
1737237376.101046,Starlink-550 737,6.1676,-104.6098,509.15
1737237376.101046,Starlink-550 738,19.1059,-94.209,509.24
1737237376.101046,Starlink-550 739,31.349,-82.0919,510.76
1737237376.101046,Starlink-550 740,42.1114,-66.6131,512.89
1737237376.101046,Starlink-550 741,50.0291,-45.8705,514.67
1737237376.101046,Starlink-550 742,53.15,-19.9185,515.38
1737237376.101046,Starlink-550 743,50.3089,6.1966,514.73
1737237376.101046,Starlink-550 744,42.5777,27.2277,512.99
1737237376.101046,Starlink-550 745,31.9163,42.921,510.86
1737237376.101046,Starlink-550 746,19.7238,55.1596,509.28
1737237376.101046,Starlink-550 747,6.8064,65.6135,509.11
1737237376.101046,Starlink-550 748,0.2406,75.5649,509.71
1737237376.101046,Starlink-550 749,-12.8398,85.58,512.29
1737237376.101046,Starlink-550 750,-25.4795,96.6687,516.29
1737237376.101046,Starlink-550 751,-37.0697,110.2276,520.82
1737237376.101046,Starlink-550 752,-46.5815,128.1152,524.73
1737237376.101046,Starlink-550 753,-52.3137,151.7015,527.02
1737237376.101046,Starlink-550 754,-52.4609,178.5117,527.07
1737237376.101046,Starlink-550 755,-46.9651,-157.6405,524.89
1737237376.101046,Starlink-550 756,-37.5926,-139.4925,521.03
1737237376.101046,Starlink-550 757,-26.0751,-125.7688,516.51
1737237376.101046,Starlink-550 758,-13.4702,-114.5958,512.46
1737237376.101046,Starlink-550 759,-0.4005,-104.555,509.79
1737237376.101046,Starlink-550 760,12.6884,-94.541,508.98
1737237376.101046,Starlink-550 761,25.3537,-83.4552,509.87
1737237376.101046,Starlink-550 762,36.9833,-69.896,511.81
1737237376.101046,Starlink-550 763,46.5408,-51.9911,513.88
1737237376.101046,Starlink-550 764,52.3083,-28.3461,515.19
1737237376.101046,Starlink-550 765,52.4565,-1.4451,515.22
1737237376.101046,Starlink-550 766,46.9266,22.4639,513.96
1737237376.101046,Starlink-550 767,37.5083,40.6307,511.91
1737237376.101046,Starlink-550 768,25.951,54.3551,509.94
1737237376.101046,Starlink-550 769,13.3198,65.5254,508.98
1737237376.101046,Starlink-550 770,-6.3254,85.5103,510.78
1737237376.101046,Starlink-550 771,-19.2465,95.9134,514.16
1737237376.101046,Starlink-550 772,-31.4565,108.0328,518.56
1737237376.101046,Starlink-550 773,-42.1751,123.5054,522.92
1737237376.101046,Starlink-550 774,-50.0493,144.2127,526.13
1737237376.101046,Starlink-550 775,-53.1497,170.0839,527.34
1737237376.101046,Starlink-550 776,-50.3273,-163.8835,526.24
1737237376.101046,Starlink-550 777,-42.639,-142.8898,523.11
1737237376.101046,Starlink-550 778,-32.0219,-127.2036,518.78
1737237376.101046,Starlink-550 779,-19.8631,-114.9629,514.36
1737237376.101046,Starlink-550 780,-6.9637,-104.5067,510.91
1737237376.101046,Starlink-550 781,6.1676,-94.6098,509.15
1737237376.101046,Starlink-550 782,19.1059,-84.209,509.24
1737237376.101046,Starlink-550 783,31.349,-72.0919,510.76
1737237376.101046,Starlink-550 784,42.1114,-56.6131,512.89
1737237376.101046,Starlink-550 785,50.0291,-35.8705,514.67
1737237376.101046,Starlink-550 786,53.15,-9.9185,515.38
1737237376.101046,Starlink-550 787,50.3089,16.1966,514.73
1737237376.101046,Starlink-550 788,42.5777,37.2277,512.99
1737237376.101046,Starlink-550 789,31.9163,52.921,510.86
1737237376.101046,Starlink-550 790,19.7238,65.1596,509.28
1737237376.101046,Starlink-550 791,6.8064,75.6135,509.11
1737237376.101046,Starlink-550 792,0.2406,85.5649,509.71
1737237376.101046,Starlink-550 793,-12.8398,95.58,512.29
1737237376.101046,Starlink-550 794,-25.4795,106.6687,516.29
1737237376.101046,Starlink-550 795,-37.0697,120.2276,520.82
1737237376.101046,Starlink-550 796,-46.5815,138.1152,524.73
1737237376.101046,Starlink-550 797,-52.3137,161.7015,527.02
1737237376.101046,Starlink-550 798,-52.4609,-171.4883,527.07
1737237376.101046,Starlink-550 799,-46.9651,-147.6405,524.89
1737237376.101046,Starlink-550 800,-37.5926,-129.4925,521.03
1737237376.101046,Starlink-550 801,-26.0751,-115.7688,516.51
1737237376.101046,Starlink-550 802,-13.4702,-104.5958,512.46
1737237376.101046,Starlink-550 803,-0.4005,-94.555,509.79
1737237376.101046,Starlink-550 804,12.6884,-84.541,508.98
1737237376.101046,Starlink-550 805,25.3537,-73.4552,509.87
1737237376.101046,Starlink-550 806,36.9833,-59.896,511.81
1737237376.101046,Starlink-550 807,46.5408,-41.9911,513.88
1737237376.101046,Starlink-550 808,52.3083,-18.3461,515.19
1737237376.101046,Starlink-550 809,52.4565,8.5549,515.22
1737237376.101046,Starlink-550 810,46.9266,32.4639,513.96
1737237376.101046,Starlink-550 811,37.5083,50.6307,511.91
1737237376.101046,Starlink-550 812,25.951,64.3551,509.94
1737237376.101046,Starlink-550 813,13.3198,75.5254,508.98
1737237376.101046,Starlink-550 814,-6.3254,95.5103,510.78
1737237376.101046,Starlink-550 815,-19.2465,105.9134,514.16
1737237376.101046,Starlink-550 816,-31.4565,118.0328,518.56
1737237376.101046,Starlink-550 817,-42.1751,133.5054,522.92
1737237376.101046,Starlink-550 818,-50.0493,154.2127,526.13
1737237376.101046,Starlink-550 819,-53.1497,-179.9161,527.34
1737237376.101046,Starlink-550 820,-50.3273,-153.8835,526.24
1737237376.101046,Starlink-550 821,-42.639,-132.8898,523.11
1737237376.101046,Starlink-550 822,-32.0219,-117.2036,518.78
1737237376.101046,Starlink-550 823,-19.8631,-104.9629,514.36
1737237376.101046,Starlink-550 824,-6.9637,-94.5067,510.91
1737237376.101046,Starlink-550 825,6.1676,-84.6098,509.15
1737237376.101046,Starlink-550 826,19.1059,-74.209,509.24
1737237376.101046,Starlink-550 827,31.349,-62.0919,510.76
1737237376.101046,Starlink-550 828,42.1114,-46.6131,512.89
1737237376.101046,Starlink-550 829,50.0291,-25.8705,514.67
1737237376.101046,Starlink-550 830,53.15,0.0815,515.38
1737237376.101046,Starlink-550 831,50.3089,26.1966,514.73
1737237376.101046,Starlink-550 832,42.5777,47.2277,512.99
1737237376.101046,Starlink-550 833,31.9163,62.921,510.86
1737237376.101046,Starlink-550 834,19.7238,75.1596,509.28
1737237376.101046,Starlink-550 835,6.8064,85.6135,509.11
1737237376.101046,Starlink-550 836,0.2406,95.5649,509.71
1737237376.101046,Starlink-550 837,-12.8398,105.58,512.29
1737237376.101046,Starlink-550 838,-25.4795,116.6687,516.29
1737237376.101046,Starlink-550 839,-37.0697,130.2276,520.82
1737237376.101046,Starlink-550 840,-46.5815,148.1152,524.73
1737237376.101046,Starlink-550 841,-52.3137,171.7015,527.02
1737237376.101046,Starlink-550 842,-52.4609,-161.4883,527.07
1737237376.101046,Starlink-550 843,-46.9651,-137.6405,524.89
1737237376.101046,Starlink-550 844,-37.5926,-119.4925,521.03
1737237376.101046,Starlink-550 845,-26.0751,-105.7688,516.51
1737237376.101046,Starlink-550 846,-13.4702,-94.5958,512.46
1737237376.101046,Starlink-550 847,-0.4005,-84.555,509.79
1737237376.101046,Starlink-550 848,12.6884,-74.541,508.98
1737237376.101046,Starlink-550 849,25.3537,-63.4552,509.87
1737237376.101046,Starlink-550 850,36.9833,-49.896,511.81
1737237376.101046,Starlink-550 851,46.5408,-31.9911,513.88
1737237376.101046,Starlink-550 852,52.3083,-8.3461,515.19
1737237376.101046,Starlink-550 853,52.4565,18.5549,515.22
1737237376.101046,Starlink-550 854,46.9266,42.4639,513.96
1737237376.101046,Starlink-550 855,37.5083,60.6307,511.91
1737237376.101046,Starlink-550 856,25.951,74.3551,509.94
1737237376.101046,Starlink-550 857,13.3198,85.5254,508.98
1737237376.101046,Starlink-550 858,-6.3254,105.5103,510.78
1737237376.101046,Starlink-550 859,-19.2465,115.9134,514.16
1737237376.101046,Starlink-550 860,-31.4565,128.0328,518.56
1737237376.101046,Starlink-550 861,-42.1751,143.5054,522.92
1737237376.101046,Starlink-550 862,-50.0493,164.2127,526.13
1737237376.101046,Starlink-550 863,-53.1497,-169.9161,527.34
1737237376.101046,Starlink-550 864,-50.3273,-143.8835,526.24
1737237376.101046,Starlink-550 865,-42.639,-122.8898,523.11
1737237376.101046,Starlink-550 866,-32.0219,-107.2036,518.78
1737237376.101046,Starlink-550 867,-19.8631,-94.9629,514.36
1737237376.101046,Starlink-550 868,-6.9637,-84.5067,510.91
1737237376.101046,Starlink-550 869,6.1676,-74.6098,509.15
1737237376.101046,Starlink-550 870,19.1059,-64.209,509.24
1737237376.101046,Starlink-550 871,31.349,-52.0919,510.76
1737237376.101046,Starlink-550 872,42.1114,-36.6131,512.89
1737237376.101046,Starlink-550 873,50.0291,-15.8705,514.67
1737237376.101046,Starlink-550 874,53.15,10.0815,515.38
1737237376.101046,Starlink-550 875,50.3089,36.1966,514.73
1737237376.101046,Starlink-550 876,42.5777,57.2277,512.99
1737237376.101046,Starlink-550 877,31.9163,72.921,510.86
1737237376.101046,Starlink-550 878,19.7238,85.1596,509.28
1737237376.101046,Starlink-550 879,6.8064,95.6135,509.11
1737237376.101046,Starlink-550 880,0.2406,105.5649,509.71
1737237376.101046,Starlink-550 881,-12.8398,115.58,512.29
1737237376.101046,Starlink-550 882,-25.4795,126.6687,516.29
1737237376.101046,Starlink-550 883,-37.0697,140.2276,520.82
1737237376.101046,Starlink-550 884,-46.5815,158.1152,524.73
1737237376.101046,Starlink-550 885,-52.3137,-178.2985,527.02
1737237376.101046,Starlink-550 886,-52.4609,-151.4883,527.07
1737237376.101046,Starlink-550 887,-46.9651,-127.6405,524.89
1737237376.101046,Starlink-550 888,-37.5926,-109.4925,521.03
1737237376.101046,Starlink-550 889,-26.0751,-95.7688,516.51
1737237376.101046,Starlink-550 890,-13.4702,-84.5958,512.46
1737237376.101046,Starlink-550 891,-0.4005,-74.555,509.79
1737237376.101046,Starlink-550 892,12.6884,-64.541,508.98
1737237376.101046,Starlink-550 893,25.3537,-53.4552,509.87
1737237376.101046,Starlink-550 894,36.9833,-39.896,511.81
1737237376.101046,Starlink-550 895,46.5408,-21.9911,513.88
1737237376.101046,Starlink-550 896,52.3083,1.6539,515.19
1737237376.101046,Starlink-550 897,52.4565,28.5549,515.22
1737237376.101046,Starlink-550 898,46.9266,52.4639,513.96
1737237376.101046,Starlink-550 899,37.5083,70.6307,511.91
1737237376.101046,Starlink-550 900,25.951,84.3551,509.94
1737237376.101046,Starlink-550 901,13.3198,95.5254,508.98
1737237376.101046,Starlink-550 902,-6.3254,115.5103,510.78
1737237376.101046,Starlink-550 903,-19.2465,125.9134,514.16
1737237376.101046,Starlink-550 904,-31.4565,138.0328,518.56
1737237376.101046,Starlink-550 905,-42.1751,153.5054,522.92
1737237376.101046,Starlink-550 906,-50.0493,174.2127,526.13
1737237376.101046,Starlink-550 907,-53.1497,-159.9161,527.34
1737237376.101046,Starlink-550 908,-50.3273,-133.8835,526.24
1737237376.101046,Starlink-550 909,-42.639,-112.8898,523.11
1737237376.101046,Starlink-550 910,-32.0219,-97.2036,518.78
1737237376.101046,Starlink-550 911,-19.8631,-84.9629,514.36
1737237376.101046,Starlink-550 912,-6.9637,-74.5067,510.91
1737237376.101046,Starlink-550 913,6.1676,-64.6098,509.15
1737237376.101046,Starlink-550 914,19.1059,-54.209,509.24
1737237376.101046,Starlink-550 915,31.349,-42.0919,510.76
1737237376.101046,Starlink-550 916,42.1114,-26.6131,512.89
1737237376.101046,Starlink-550 917,50.0291,-5.8705,514.67
1737237376.101046,Starlink-550 918,53.15,20.0815,515.38
1737237376.101046,Starlink-550 919,50.3089,46.1966,514.73
1737237376.101046,Starlink-550 920,42.5777,67.2277,512.99
1737237376.101046,Starlink-550 921,31.9163,82.921,510.86
1737237376.101046,Starlink-550 922,19.7238,95.1596,509.28
1737237376.101046,Starlink-550 923,6.8064,105.6135,509.11
1737237376.101046,Starlink-550 924,0.2406,115.5649,509.71
1737237376.101046,Starlink-550 925,-12.8398,125.58,512.29
1737237376.101046,Starlink-550 926,-25.4795,136.6687,516.29
1737237376.101046,Starlink-550 927,-37.0697,150.2276,520.82
1737237376.101046,Starlink-550 928,-46.5815,168.1152,524.73
1737237376.101046,Starlink-550 929,-52.3137,-168.2985,527.02
1737237376.101046,Starlink-550 930,-52.4609,-141.4883,527.07
1737237376.101046,Starlink-550 931,-46.9651,-117.6405,524.89
1737237376.101046,Starlink-550 932,-37.5926,-99.4925,521.03
1737237376.101046,Starlink-550 933,-26.0751,-85.7688,516.51
1737237376.101046,Starlink-550 934,-13.4702,-74.5958,512.46
1737237376.101046,Starlink-550 935,-0.4005,-64.555,509.79
1737237376.101046,Starlink-550 936,12.6884,-54.541,508.98
1737237376.101046,Starlink-550 937,25.3537,-43.4552,509.87
1737237376.101046,Starlink-550 938,36.9833,-29.896,511.81
1737237376.101046,Starlink-550 939,46.5408,-11.9911,513.88
1737237376.101046,Starlink-550 940,52.3083,11.6539,515.19
1737237376.101046,Starlink-550 941,52.4565,38.5549,515.22
1737237376.101046,Starlink-550 942,46.9266,62.4639,513.96
1737237376.101046,Starlink-550 943,37.5083,80.6307,511.91
1737237376.101046,Starlink-550 944,25.951,94.3551,509.94
1737237376.101046,Starlink-550 945,13.3198,105.5254,508.98
1737237376.101046,Starlink-550 946,-6.3254,125.5103,510.78
1737237376.101046,Starlink-550 947,-19.2465,135.9134,514.16
1737237376.101046,Starlink-550 948,-31.4565,148.0328,518.56
1737237376.101046,Starlink-550 949,-42.1751,163.5054,522.92
1737237376.101046,Starlink-550 950,-50.0493,-175.7873,526.13
1737237376.101046,Starlink-550 951,-53.1497,-149.9161,527.34
1737237376.101046,Starlink-550 952,-50.3273,-123.8835,526.24
1737237376.101046,Starlink-550 953,-42.639,-102.8898,523.11
1737237376.101046,Starlink-550 954,-32.0219,-87.2036,518.78
1737237376.101046,Starlink-550 955,-19.8631,-74.9629,514.36
1737237376.101046,Starlink-550 956,-6.9637,-64.5067,510.91
1737237376.101046,Starlink-550 957,6.1676,-54.6098,509.15
1737237376.101046,Starlink-550 958,19.1059,-44.209,509.24
1737237376.101046,Starlink-550 959,31.349,-32.0919,510.76
1737237376.101046,Starlink-550 960,42.1114,-16.6131,512.89
1737237376.101046,Starlink-550 961,50.0291,4.1295,514.67
1737237376.101046,Starlink-550 962,53.15,30.0815,515.38
1737237376.101046,Starlink-550 963,50.3089,56.1966,514.73
1737237376.101046,Starlink-550 964,42.5777,77.2277,512.99
1737237376.101046,Starlink-550 965,31.9163,92.921,510.86
1737237376.101046,Starlink-550 966,19.7238,105.1596,509.28
1737237376.101046,Starlink-550 967,6.8064,115.6135,509.11
1737237376.101046,Starlink-550 968,0.2406,125.5649,509.71
1737237376.101046,Starlink-550 969,-12.8398,135.58,512.29
1737237376.101046,Starlink-550 970,-25.4795,146.6687,516.29
1737237376.101046,Starlink-550 971,-37.0697,160.2276,520.82
1737237376.101046,Starlink-550 972,-46.5815,178.1152,524.73
1737237376.101046,Starlink-550 973,-52.3137,-158.2985,527.02
1737237376.101046,Starlink-550 974,-52.4609,-131.4883,527.07
1737237376.101046,Starlink-550 975,-46.9651,-107.6405,524.89
1737237376.101046,Starlink-550 976,-37.5926,-89.4925,521.03
1737237376.101046,Starlink-550 977,-26.0751,-75.7688,516.51
1737237376.101046,Starlink-550 978,-13.4702,-64.5958,512.46
1737237376.101046,Starlink-550 979,-0.4005,-54.555,509.79
1737237376.101046,Starlink-550 980,12.6884,-44.541,508.98
1737237376.101046,Starlink-550 981,25.3537,-33.4552,509.87
1737237376.101046,Starlink-550 982,36.9833,-19.896,511.81
1737237376.101046,Starlink-550 983,46.5408,-1.9911,513.88
1737237376.101046,Starlink-550 984,52.3083,21.6539,515.19
1737237376.101046,Starlink-550 985,52.4565,48.5549,515.22
1737237376.101046,Starlink-550 986,46.9266,72.4639,513.96
1737237376.101046,Starlink-550 987,37.5083,90.6307,511.91
1737237376.101046,Starlink-550 988,25.951,104.3551,509.94
1737237376.101046,Starlink-550 989,13.3198,115.5254,508.98
1737237376.101046,Starlink-550 990,-6.3254,135.5103,510.78
1737237376.101046,Starlink-550 991,-19.2465,145.9134,514.16
1737237376.101046,Starlink-550 992,-31.4565,158.0328,518.56
1737237376.101046,Starlink-550 993,-42.1751,173.5054,522.92
1737237376.101046,Starlink-550 994,-50.0493,-165.7873,526.13
1737237376.101046,Starlink-550 995,-53.1497,-139.9161,527.34
1737237376.101046,Starlink-550 996,-50.3273,-113.8835,526.24
1737237376.101046,Starlink-550 997,-42.639,-92.8898,523.11
1737237376.101046,Starlink-550 998,-32.0219,-77.2036,518.78
1737237376.101046,Starlink-550 999,-19.8631,-64.9629,514.36
1737237376.101046,Starlink-550 1000,-6.9637,-54.5067,510.91
1737237376.101046,Starlink-550 1001,6.1676,-44.6098,509.15
1737237376.101046,Starlink-550 1002,19.1059,-34.209,509.24
1737237376.101046,Starlink-550 1003,31.349,-22.0919,510.76
1737237376.101046,Starlink-550 1004,42.1114,-6.6131,512.89
1737237376.101046,Starlink-550 1005,50.0291,14.1295,514.67
1737237376.101046,Starlink-550 1006,53.15,40.0815,515.38
1737237376.101046,Starlink-550 1007,50.3089,66.1966,514.73
1737237376.101046,Starlink-550 1008,42.5777,87.2277,512.99
1737237376.101046,Starlink-550 1009,31.9163,102.921,510.86
1737237376.101046,Starlink-550 1010,19.7238,115.1596,509.28
1737237376.101046,Starlink-550 1011,6.8064,125.6135,509.11
1737237376.101046,Starlink-550 1012,0.2406,135.5649,509.71
1737237376.101046,Starlink-550 1013,-12.8398,145.58,512.29
1737237376.101046,Starlink-550 1014,-25.4795,156.6687,516.29
1737237376.101046,Starlink-550 1015,-37.0697,170.2276,520.82
1737237376.101046,Starlink-550 1016,-46.5815,-171.8848,524.73
1737237376.101046,Starlink-550 1017,-52.3137,-148.2985,527.02
1737237376.101046,Starlink-550 1018,-52.4609,-121.4883,527.07
1737237376.101046,Starlink-550 1019,-46.9651,-97.6405,524.89
1737237376.101046,Starlink-550 1020,-37.5926,-79.4925,521.03
1737237376.101046,Starlink-550 1021,-26.0751,-65.7688,516.51
1737237376.101046,Starlink-550 1022,-13.4702,-54.5958,512.46
1737237376.101046,Starlink-550 1023,-0.4005,-44.555,509.79
1737237376.101046,Starlink-550 1024,12.6884,-34.541,508.98
1737237376.101046,Starlink-550 1025,25.3537,-23.4552,509.87
1737237376.101046,Starlink-550 1026,36.9833,-9.896,511.81
1737237376.101046,Starlink-550 1027,46.5408,8.0089,513.88
1737237376.101046,Starlink-550 1028,52.3083,31.6539,515.19
1737237376.101046,Starlink-550 1029,52.4565,58.5549,515.22
1737237376.101046,Starlink-550 1030,46.9266,82.4639,513.96
1737237376.101046,Starlink-550 1031,37.5083,100.6307,511.91
1737237376.101046,Starlink-550 1032,25.951,114.3551,509.94
1737237376.101046,Starlink-550 1033,13.3198,125.5254,508.98
1737237376.101046,Starlink-550 1034,-6.3254,145.5103,510.78
1737237376.101046,Starlink-550 1035,-19.2465,155.9134,514.16
1737237376.101046,Starlink-550 1036,-31.4565,168.0328,518.56
1737237376.101046,Starlink-550 1037,-42.1751,-176.4946,522.92
1737237376.101046,Starlink-550 1038,-50.0493,-155.7873,526.13
1737237376.101046,Starlink-550 1039,-53.1497,-129.9161,527.34
1737237376.101046,Starlink-550 1040,-50.3273,-103.8835,526.24
1737237376.101046,Starlink-550 1041,-42.639,-82.8898,523.11
1737237376.101046,Starlink-550 1042,-32.0219,-67.2036,518.78
1737237376.101046,Starlink-550 1043,-19.8631,-54.9629,514.36
1737237376.101046,Starlink-550 1044,-6.9637,-44.5067,510.91
1737237376.101046,Starlink-550 1045,6.1676,-34.6098,509.15
1737237376.101046,Starlink-550 1046,19.1059,-24.209,509.24
1737237376.101046,Starlink-550 1047,31.349,-12.0919,510.76
1737237376.101046,Starlink-550 1048,42.1114,3.3869,512.89
1737237376.101046,Starlink-550 1049,50.0291,24.1295,514.67
1737237376.101046,Starlink-550 1050,53.15,50.0815,515.38
1737237376.101046,Starlink-550 1051,50.3089,76.1966,514.73
1737237376.101046,Starlink-550 1052,42.5777,97.2277,512.99
1737237376.101046,Starlink-550 1053,31.9163,112.921,510.86
1737237376.101046,Starlink-550 1054,19.7238,125.1596,509.28
1737237376.101046,Starlink-550 1055,6.8064,135.6135,509.11
1737237376.101046,Starlink-550 1056,0.2406,145.5649,509.71
1737237376.101046,Starlink-550 1057,-12.8398,155.58,512.29
1737237376.101046,Starlink-550 1058,-25.4795,166.6687,516.29
1737237376.101046,Starlink-550 1059,-37.0697,-179.7724,520.82
1737237376.101046,Starlink-550 1060,-46.5815,-161.8848,524.73
1737237376.101046,Starlink-550 1061,-52.3137,-138.2985,527.02
1737237376.101046,Starlink-550 1062,-52.4609,-111.4883,527.07
1737237376.101046,Starlink-550 1063,-46.9651,-87.6405,524.89
1737237376.101046,Starlink-550 1064,-37.5926,-69.4925,521.03
1737237376.101046,Starlink-550 1065,-26.0751,-55.7688,516.51
1737237376.101046,Starlink-550 1066,-13.4702,-44.5958,512.46
1737237376.101046,Starlink-550 1067,-0.4005,-34.555,509.79
1737237376.101046,Starlink-550 1068,12.6884,-24.541,508.98
1737237376.101046,Starlink-550 1069,25.3537,-13.4552,509.87
1737237376.101046,Starlink-550 1070,36.9833,0.104,511.81
1737237376.101046,Starlink-550 1071,46.5408,18.0089,513.88
1737237376.101046,Starlink-550 1072,52.3083,41.6539,515.19
1737237376.101046,Starlink-550 1073,52.4565,68.5549,515.22
1737237376.101046,Starlink-550 1074,46.9266,92.4639,513.96
1737237376.101046,Starlink-550 1075,37.5083,110.6307,511.91
1737237376.101046,Starlink-550 1076,25.951,124.3551,509.94
1737237376.101046,Starlink-550 1077,13.3198,135.5254,508.98
1737237376.101046,Starlink-550 1078,-6.3254,155.5103,510.78
1737237376.101046,Starlink-550 1079,-19.2465,165.9134,514.16
1737237376.101046,Starlink-550 1080,-31.4565,178.0328,518.56
1737237376.101046,Starlink-550 1081,-42.1751,-166.4946,522.92
1737237376.101046,Starlink-550 1082,-50.0493,-145.7873,526.13
1737237376.101046,Starlink-550 1083,-53.1497,-119.9161,527.34
1737237376.101046,Starlink-550 1084,-50.3273,-93.8835,526.24
1737237376.101046,Starlink-550 1085,-42.639,-72.8898,523.11
1737237376.101046,Starlink-550 1086,-32.0219,-57.2036,518.78
1737237376.101046,Starlink-550 1087,-19.8631,-44.9629,514.36
1737237376.101046,Starlink-550 1088,-6.9637,-34.5067,510.91
1737237376.101046,Starlink-550 1089,6.1676,-24.6098,509.15
1737237376.101046,Starlink-550 1090,19.1059,-14.209,509.24
1737237376.101046,Starlink-550 1091,31.349,-2.0919,510.76
1737237376.101046,Starlink-550 1092,42.1114,13.3869,512.89
1737237376.101046,Starlink-550 1093,50.0291,34.1295,514.67
1737237376.101046,Starlink-550 1094,53.15,60.0815,515.38
1737237376.101046,Starlink-550 1095,50.3089,86.1966,514.73
1737237376.101046,Starlink-550 1096,42.5777,107.2277,512.99
1737237376.101046,Starlink-550 1097,31.9163,122.921,510.86
1737237376.101046,Starlink-550 1098,19.7238,135.1596,509.28
1737237376.101046,Starlink-550 1099,6.8064,145.6135,509.11
1737237376.101046,Starlink-550 1100,0.2406,155.5649,509.71
1737237376.101046,Starlink-550 1101,-12.8398,165.58,512.29
1737237376.101046,Starlink-550 1102,-25.4795,176.6687,516.29
1737237376.101046,Starlink-550 1103,-37.0697,-169.7724,520.82
1737237376.101046,Starlink-550 1104,-46.5815,-151.8848,524.73
1737237376.101046,Starlink-550 1105,-52.3137,-128.2985,527.02
1737237376.101046,Starlink-550 1106,-52.4609,-101.4883,527.07
1737237376.101046,Starlink-550 1107,-46.9651,-77.6405,524.89
1737237376.101046,Starlink-550 1108,-37.5926,-59.4925,521.03
1737237376.101046,Starlink-550 1109,-26.0751,-45.7688,516.51
1737237376.101046,Starlink-550 1110,-13.4702,-34.5958,512.46
1737237376.101046,Starlink-550 1111,-0.4005,-24.555,509.79
1737237376.101046,Starlink-550 1112,12.6884,-14.541,508.98
1737237376.101046,Starlink-550 1113,25.3537,-3.4552,509.87
1737237376.101046,Starlink-550 1114,36.9833,10.104,511.81
1737237376.101046,Starlink-550 1115,46.5408,28.0089,513.88
1737237376.101046,Starlink-550 1116,52.3083,51.6539,515.19
1737237376.101046,Starlink-550 1117,52.4565,78.5549,515.22
1737237376.101046,Starlink-550 1118,46.9266,102.4639,513.96
1737237376.101046,Starlink-550 1119,37.5083,120.6307,511.91
1737237376.101046,Starlink-550 1120,25.951,134.3551,509.94
1737237376.101046,Starlink-550 1121,13.3198,145.5254,508.98
1737237376.101046,Starlink-550 1122,-6.3254,165.5103,510.78
1737237376.101046,Starlink-550 1123,-19.2465,175.9134,514.16
1737237376.101046,Starlink-550 1124,-31.4565,-171.9672,518.56
1737237376.101046,Starlink-550 1125,-42.1751,-156.4946,522.92
1737237376.101046,Starlink-550 1126,-50.0493,-135.7873,526.13
1737237376.101046,Starlink-550 1127,-53.1497,-109.9161,527.34
1737237376.101046,Starlink-550 1128,-50.3273,-83.8835,526.24
1737237376.101046,Starlink-550 1129,-42.639,-62.8898,523.11
1737237376.101046,Starlink-550 1130,-32.0219,-47.2036,518.78
1737237376.101046,Starlink-550 1131,-19.8631,-34.9629,514.36
1737237376.101046,Starlink-550 1132,-6.9637,-24.5067,510.91
1737237376.101046,Starlink-550 1133,6.1676,-14.6098,509.15
1737237376.101046,Starlink-550 1134,19.1059,-4.209,509.24
1737237376.101046,Starlink-550 1135,31.349,7.9081,510.76
1737237376.101046,Starlink-550 1136,42.1114,23.3869,512.89
1737237376.101046,Starlink-550 1137,50.0291,44.1295,514.67
1737237376.101046,Starlink-550 1138,53.15,70.0815,515.38
1737237376.101046,Starlink-550 1139,50.3089,96.1966,514.73
1737237376.101046,Starlink-550 1140,42.5777,117.2277,512.99
1737237376.101046,Starlink-550 1141,31.9163,132.921,510.86
1737237376.101046,Starlink-550 1142,19.7238,145.1596,509.28
1737237376.101046,Starlink-550 1143,6.8064,155.6135,509.11
1737237376.101046,Starlink-550 1144,0.2406,165.5649,509.71
1737237376.101046,Starlink-550 1145,-12.8398,175.58,512.29
1737237376.101046,Starlink-550 1146,-25.4795,-173.3313,516.29
1737237376.101046,Starlink-550 1147,-37.0697,-159.7724,520.82
1737237376.101046,Starlink-550 1148,-46.5815,-141.8848,524.73
1737237376.101046,Starlink-550 1149,-52.3137,-118.2985,527.02
1737237376.101046,Starlink-550 1150,-52.4609,-91.4883,527.07
1737237376.101046,Starlink-550 1151,-46.9651,-67.6405,524.89
1737237376.101046,Starlink-550 1152,-37.5926,-49.4925,521.03
1737237376.101046,Starlink-550 1153,-26.0751,-35.7688,516.51
1737237376.101046,Starlink-550 1154,-13.4702,-24.5958,512.46
1737237376.101046,Starlink-550 1155,-0.4005,-14.555,509.79
1737237376.101046,Starlink-550 1156,12.6884,-4.541,508.98
1737237376.101046,Starlink-550 1157,25.3537,6.5448,509.87
1737237376.101046,Starlink-550 1158,36.9833,20.104,511.81
1737237376.101046,Starlink-550 1159,46.5408,38.0089,513.88
1737237376.101046,Starlink-550 1160,52.3083,61.6539,515.19
1737237376.101046,Starlink-550 1161,52.4565,88.5549,515.22
1737237376.101046,Starlink-550 1162,46.9266,112.4639,513.96
1737237376.101046,Starlink-550 1163,37.5083,130.6307,511.91
1737237376.101046,Starlink-550 1164,25.951,144.3551,509.94
1737237376.101046,Starlink-550 1165,13.3198,155.5254,508.98
1737237376.101046,Starlink-550 1166,-6.3254,175.5103,510.78
1737237376.101046,Starlink-550 1167,-19.2465,-174.0866,514.16
1737237376.101046,Starlink-550 1168,-31.4565,-161.9672,518.56
1737237376.101046,Starlink-550 1169,-42.1751,-146.4946,522.92
1737237376.101046,Starlink-550 1170,-50.0493,-125.7873,526.13
1737237376.101046,Starlink-550 1171,-53.1497,-99.9161,527.34
1737237376.101046,Starlink-550 1172,-50.3273,-73.8835,526.24
1737237376.101046,Starlink-550 1173,-42.639,-52.8898,523.11
1737237376.101046,Starlink-550 1174,-32.0219,-37.2036,518.78
1737237376.101046,Starlink-550 1175,-19.8631,-24.9629,514.36
1737237376.101046,Starlink-550 1176,-6.9637,-14.5067,510.91
1737237376.101046,Starlink-550 1177,6.1676,-4.6098,509.15
1737237376.101046,Starlink-550 1178,19.1059,5.791,509.24
1737237376.101046,Starlink-550 1179,31.349,17.9081,510.76
1737237376.101046,Starlink-550 1180,42.1114,33.3869,512.89
1737237376.101046,Starlink-550 1181,50.0291,54.1295,514.67
1737237376.101046,Starlink-550 1182,53.15,80.0815,515.38
1737237376.101046,Starlink-550 1183,50.3089,106.1966,514.73
1737237376.101046,Starlink-550 1184,42.5777,127.2277,512.99
1737237376.101046,Starlink-550 1185,31.9163,142.921,510.86
1737237376.101046,Starlink-550 1186,19.7238,155.1596,509.28
1737237376.101046,Starlink-550 1187,6.8064,165.6135,509.11
1737237376.101046,Starlink-550 1188,0.2406,175.5649,509.71
1737237376.101046,Starlink-550 1189,-12.8398,-174.42,512.29
1737237376.101046,Starlink-550 1190,-25.4795,-163.3313,516.29
1737237376.101046,Starlink-550 1191,-37.0697,-149.7724,520.82
1737237376.101046,Starlink-550 1192,-46.5815,-131.8848,524.73
1737237376.101046,Starlink-550 1193,-52.3137,-108.2985,527.02
1737237376.101046,Starlink-550 1194,-52.4609,-81.4883,527.07
1737237376.101046,Starlink-550 1195,-46.9651,-57.6405,524.89
1737237376.101046,Starlink-550 1196,-37.5926,-39.4925,521.03
1737237376.101046,Starlink-550 1197,-26.0751,-25.7688,516.51
1737237376.101046,Starlink-550 1198,-13.4702,-14.5958,512.46
1737237376.101046,Starlink-550 1199,-0.4005,-4.555,509.79
1737237376.101046,Starlink-550 1200,12.6884,5.459,508.98
1737237376.101046,Starlink-550 1201,25.3537,16.5448,509.87
1737237376.101046,Starlink-550 1202,36.9833,30.104,511.81
1737237376.101046,Starlink-550 1203,46.5408,48.0089,513.88
1737237376.101046,Starlink-550 1204,52.3083,71.6539,515.19
1737237376.101046,Starlink-550 1205,52.4565,98.5549,515.22
1737237376.101046,Starlink-550 1206,46.9266,122.4639,513.96
1737237376.101046,Starlink-550 1207,37.5083,140.6307,511.91
1737237376.101046,Starlink-550 1208,25.951,154.3551,509.94
1737237376.101046,Starlink-550 1209,13.3198,165.5254,508.98
1737237376.101046,Starlink-550 1210,-6.3254,-174.4897,510.78
1737237376.101046,Starlink-550 1211,-19.2465,-164.0866,514.16
1737237376.101046,Starlink-550 1212,-31.4565,-151.9672,518.56
1737237376.101046,Starlink-550 1213,-42.1751,-136.4946,522.92
1737237376.101046,Starlink-550 1214,-50.0493,-115.7873,526.13
1737237376.101046,Starlink-550 1215,-53.1497,-89.9161,527.34
1737237376.101046,Starlink-550 1216,-50.3273,-63.8835,526.24
1737237376.101046,Starlink-550 1217,-42.639,-42.8898,523.11
1737237376.101046,Starlink-550 1218,-32.0219,-27.2036,518.78
1737237376.101046,Starlink-550 1219,-19.8631,-14.9629,514.36
1737237376.101046,Starlink-550 1220,-6.9637,-4.5067,510.91
1737237376.101046,Starlink-550 1221,6.1676,5.3902,509.15
1737237376.101046,Starlink-550 1222,19.1059,15.791,509.24
1737237376.101046,Starlink-550 1223,31.349,27.9081,510.76
1737237376.101046,Starlink-550 1224,42.1114,43.3869,512.89
1737237376.101046,Starlink-550 1225,50.0291,64.1295,514.67
1737237376.101046,Starlink-550 1226,53.15,90.0815,515.38
1737237376.101046,Starlink-550 1227,50.3089,116.1966,514.73
1737237376.101046,Starlink-550 1228,42.5777,137.2277,512.99
1737237376.101046,Starlink-550 1229,31.9163,152.921,510.86
1737237376.101046,Starlink-550 1230,19.7238,165.1596,509.28
1737237376.101046,Starlink-550 1231,6.8064,175.6135,509.11
1737237376.101046,Starlink-550 1232,0.2406,-174.4351,509.71
1737237376.101046,Starlink-550 1233,-12.8398,-164.42,512.29
1737237376.101046,Starlink-550 1234,-25.4795,-153.3313,516.29
1737237376.101046,Starlink-550 1235,-37.0697,-139.7724,520.82
1737237376.101046,Starlink-550 1236,-46.5815,-121.8848,524.73
1737237376.101046,Starlink-550 1237,-52.3137,-98.2985,527.02
1737237376.101046,Starlink-550 1238,-52.4609,-71.4883,527.07
1737237376.101046,Starlink-550 1239,-46.9651,-47.6405,524.89
1737237376.101046,Starlink-550 1240,-37.5926,-29.4925,521.03
1737237376.101046,Starlink-550 1241,-26.0751,-15.7688,516.51
1737237376.101046,Starlink-550 1242,-13.4702,-4.5958,512.46
1737237376.101046,Starlink-550 1243,-0.4005,5.445,509.79
1737237376.101046,Starlink-550 1244,12.6884,15.459,508.98
1737237376.101046,Starlink-550 1245,25.3537,26.5448,509.87
1737237376.101046,Starlink-550 1246,36.9833,40.104,511.81
1737237376.101046,Starlink-550 1247,46.5408,58.0089,513.88
1737237376.101046,Starlink-550 1248,52.3083,81.6539,515.19
1737237376.101046,Starlink-550 1249,52.4565,108.5549,515.22
1737237376.101046,Starlink-550 1250,46.9266,132.4639,513.96
1737237376.101046,Starlink-550 1251,37.5083,150.6307,511.91
1737237376.101046,Starlink-550 1252,25.951,164.3551,509.94
1737237376.101046,Starlink-550 1253,13.3198,175.5254,508.98
1737237376.101046,Starlink-550 1254,-6.3254,-164.4897,510.78
1737237376.101046,Starlink-550 1255,-19.2465,-154.0866,514.16
1737237376.101046,Starlink-550 1256,-31.4565,-141.9672,518.56
1737237376.101046,Starlink-550 1257,-42.1751,-126.4946,522.92
1737237376.101046,Starlink-550 1258,-50.0493,-105.7873,526.13
1737237376.101046,Starlink-550 1259,-53.1497,-79.9161,527.34
1737237376.101046,Starlink-550 1260,-50.3273,-53.8835,526.24
1737237376.101046,Starlink-550 1261,-42.639,-32.8898,523.11
1737237376.101046,Starlink-550 1262,-32.0219,-17.2036,518.78
1737237376.101046,Starlink-550 1263,-19.8631,-4.9629,514.36
1737237376.101046,Starlink-550 1264,-6.9637,5.4933,510.91
1737237376.101046,Starlink-550 1265,6.1676,15.3902,509.15
1737237376.101046,Starlink-550 1266,19.1059,25.791,509.24
1737237376.101046,Starlink-550 1267,31.349,37.9081,510.76
1737237376.101046,Starlink-550 1268,42.1114,53.3869,512.89
1737237376.101046,Starlink-550 1269,50.0291,74.1295,514.67
1737237376.101046,Starlink-550 1270,53.15,100.0815,515.38
1737237376.101046,Starlink-550 1271,50.3089,126.1966,514.73
1737237376.101046,Starlink-550 1272,42.5777,147.2277,512.99
1737237376.101046,Starlink-550 1273,31.9163,162.921,510.86
1737237376.101046,Starlink-550 1274,19.7238,175.1596,509.28
1737237376.101046,Starlink-550 1275,6.8064,-174.3865,509.11
1737237376.101046,Starlink-550 1276,0.2406,-164.4351,509.71
1737237376.101046,Starlink-550 1277,-12.8398,-154.42,512.29
1737237376.101046,Starlink-550 1278,-25.4795,-143.3313,516.29
1737237376.101046,Starlink-550 1279,-37.0697,-129.7724,520.82
1737237376.101046,Starlink-550 1280,-46.5815,-111.8848,524.73
1737237376.101046,Starlink-550 1281,-52.3137,-88.2985,527.02
1737237376.101046,Starlink-550 1282,-52.4609,-61.4883,527.07
1737237376.101046,Starlink-550 1283,-46.9651,-37.6405,524.89
1737237376.101046,Starlink-550 1284,-37.5926,-19.4925,521.03
1737237376.101046,Starlink-550 1285,-26.0751,-5.7688,516.51
1737237376.101046,Starlink-550 1286,-13.4702,5.4042,512.46
1737237376.101046,Starlink-550 1287,-0.4005,15.445,509.79
1737237376.101046,Starlink-550 1288,12.6884,25.459,508.98
1737237376.101046,Starlink-550 1289,25.3537,36.5448,509.87
1737237376.101046,Starlink-550 1290,36.9833,50.104,511.81
1737237376.101046,Starlink-550 1291,46.5408,68.0089,513.88
1737237376.101046,Starlink-550 1292,52.3083,91.6539,515.19
1737237376.101046,Starlink-550 1293,52.4565,118.5549,515.22
1737237376.101046,Starlink-550 1294,46.9266,142.4639,513.96
1737237376.101046,Starlink-550 1295,37.5083,160.6307,511.91
1737237376.101046,Starlink-550 1296,25.951,174.3551,509.94
1737237376.101046,Starlink-550 1297,13.3198,-174.4746,508.98
1737237376.101046,Starlink-550 1298,-6.3254,-154.4897,510.78
1737237376.101046,Starlink-550 1299,-19.2465,-144.0866,514.16
1737237376.101046,Starlink-550 1300,-31.4565,-131.9672,518.56
1737237376.101046,Starlink-550 1301,-42.1751,-116.4946,522.92
1737237376.101046,Starlink-550 1302,-50.0493,-95.7873,526.13
1737237376.101046,Starlink-550 1303,-53.1497,-69.9161,527.34
1737237376.101046,Starlink-550 1304,-50.3273,-43.8835,526.24
1737237376.101046,Starlink-550 1305,-42.639,-22.8898,523.11
1737237376.101046,Starlink-550 1306,-32.0219,-7.2036,518.78
1737237376.101046,Starlink-550 1307,-19.8631,5.0371,514.36
1737237376.101046,Starlink-550 1308,-6.9637,15.4933,510.91
1737237376.101046,Starlink-550 1309,6.1676,25.3902,509.15
1737237376.101046,Starlink-550 1310,19.1059,35.791,509.24
1737237376.101046,Starlink-550 1311,31.349,47.9081,510.76
1737237376.101046,Starlink-550 1312,42.1114,63.3869,512.89
1737237376.101046,Starlink-550 1313,50.0291,84.1295,514.67
1737237376.101046,Starlink-550 1314,53.15,110.0815,515.38
1737237376.101046,Starlink-550 1315,50.3089,136.1966,514.73
1737237376.101046,Starlink-550 1316,42.5777,157.2277,512.99
1737237376.101046,Starlink-550 1317,31.9163,172.921,510.86
1737237376.101046,Starlink-550 1318,19.7238,-174.8404,509.28
1737237376.101046,Starlink-550 1319,6.8064,-164.3865,509.11
1737237376.101046,Starlink-550 1320,0.2406,-154.4351,509.71
1737237376.101046,Starlink-550 1321,-12.8398,-144.42,512.29
1737237376.101046,Starlink-550 1322,-25.4795,-133.3313,516.29
1737237376.101046,Starlink-550 1323,-37.0697,-119.7724,520.82
1737237376.101046,Starlink-550 1324,-46.5815,-101.8848,524.73
1737237376.101046,Starlink-550 1325,-52.3137,-78.2985,527.02
1737237376.101046,Starlink-550 1326,-52.4609,-51.4883,527.07
1737237376.101046,Starlink-550 1327,-46.9651,-27.6405,524.89
1737237376.101046,Starlink-550 1328,-37.5926,-9.4925,521.03
1737237376.101046,Starlink-550 1329,-26.0751,4.2312,516.51
1737237376.101046,Starlink-550 1330,-13.4702,15.4042,512.46
1737237376.101046,Starlink-550 1331,-0.4005,25.445,509.79
1737237376.101046,Starlink-550 1332,12.6884,35.459,508.98
1737237376.101046,Starlink-550 1333,25.3537,46.5448,509.87
1737237376.101046,Starlink-550 1334,36.9833,60.104,511.81
1737237376.101046,Starlink-550 1335,46.5408,78.0089,513.88
1737237376.101046,Starlink-550 1336,52.3083,101.6539,515.19
1737237376.101046,Starlink-550 1337,52.4565,128.5549,515.22
1737237376.101046,Starlink-550 1338,46.9266,152.4639,513.96
1737237376.101046,Starlink-550 1339,37.5083,170.6307,511.91
1737237376.101046,Starlink-550 1340,25.951,-175.6449,509.94
1737237376.101046,Starlink-550 1341,13.3198,-164.4746,508.98
1737237376.101046,Starlink-550 1342,-6.3254,-144.4897,510.78
1737237376.101046,Starlink-550 1343,-19.2465,-134.0866,514.16
1737237376.101046,Starlink-550 1344,-31.4565,-121.9672,518.56
1737237376.101046,Starlink-550 1345,-42.1751,-106.4946,522.92
1737237376.101046,Starlink-550 1346,-50.0493,-85.7873,526.13
1737237376.101046,Starlink-550 1347,-53.1497,-59.9161,527.34
1737237376.101046,Starlink-550 1348,-50.3273,-33.8835,526.24
1737237376.101046,Starlink-550 1349,-42.639,-12.8898,523.11
1737237376.101046,Starlink-550 1350,-32.0219,2.7964,518.78
1737237376.101046,Starlink-550 1351,-19.8631,15.0371,514.36
1737237376.101046,Starlink-550 1352,-6.9637,25.4933,510.91
1737237376.101046,Starlink-550 1353,6.1676,35.3902,509.15
1737237376.101046,Starlink-550 1354,19.1059,45.791,509.24
1737237376.101046,Starlink-550 1355,31.349,57.9081,510.76
1737237376.101046,Starlink-550 1356,42.1114,73.3869,512.89
1737237376.101046,Starlink-550 1357,50.0291,94.1295,514.67
1737237376.101046,Starlink-550 1358,53.15,120.0815,515.38
1737237376.101046,Starlink-550 1359,50.3089,146.1966,514.73
1737237376.101046,Starlink-550 1360,42.5777,167.2277,512.99
1737237376.101046,Starlink-550 1361,31.9163,-177.079,510.86
1737237376.101046,Starlink-550 1362,19.7238,-164.8404,509.28
1737237376.101046,Starlink-550 1363,6.8064,-154.3865,509.11
1737237376.101046,Starlink-550 1364,0.2406,-144.4351,509.71
1737237376.101046,Starlink-550 1365,-12.8398,-134.42,512.29
1737237376.101046,Starlink-550 1366,-25.4795,-123.3313,516.29
1737237376.101046,Starlink-550 1367,-37.0697,-109.7724,520.82
1737237376.101046,Starlink-550 1368,-46.5815,-91.8848,524.73
1737237376.101046,Starlink-550 1369,-52.3137,-68.2985,527.02
1737237376.101046,Starlink-550 1370,-52.4609,-41.4883,527.07
1737237376.101046,Starlink-550 1371,-46.9651,-17.6405,524.89
1737237376.101046,Starlink-550 1372,-37.5926,0.5075,521.03
1737237376.101046,Starlink-550 1373,-26.0751,14.2312,516.51
1737237376.101046,Starlink-550 1374,-13.4702,25.4042,512.46
1737237376.101046,Starlink-550 1375,-0.4005,35.445,509.79
1737237376.101046,Starlink-550 1376,12.6884,45.459,508.98
1737237376.101046,Starlink-550 1377,25.3537,56.5448,509.87
1737237376.101046,Starlink-550 1378,36.9833,70.104,511.81
1737237376.101046,Starlink-550 1379,46.5408,88.0089,513.88
1737237376.101046,Starlink-550 1380,52.3083,111.6539,515.19
1737237376.101046,Starlink-550 1381,52.4565,138.5549,515.22
1737237376.101046,Starlink-550 1382,46.9266,162.4639,513.96
1737237376.101046,Starlink-550 1383,37.5083,-179.3693,511.91
1737237376.101046,Starlink-550 1384,25.951,-165.6449,509.94
1737237376.101046,Starlink-550 1385,13.3198,-154.4746,508.98
1737237376.101046,Starlink-550 1386,-6.3254,-134.4897,510.78
1737237376.101046,Starlink-550 1387,-19.2465,-124.0866,514.16
1737237376.101046,Starlink-550 1388,-31.4565,-111.9672,518.56
1737237376.101046,Starlink-550 1389,-42.1751,-96.4946,522.92
1737237376.101046,Starlink-550 1390,-50.0493,-75.7873,526.13
1737237376.101046,Starlink-550 1391,-53.1497,-49.9161,527.34
1737237376.101046,Starlink-550 1392,-50.3273,-23.8835,526.24
1737237376.101046,Starlink-550 1393,-42.639,-2.8898,523.11
1737237376.101046,Starlink-550 1394,-32.0219,12.7964,518.78
1737237376.101046,Starlink-550 1395,-19.8631,25.0371,514.36
1737237376.101046,Starlink-550 1396,-6.9637,35.4933,510.91
1737237376.101046,Starlink-550 1397,6.1676,45.3902,509.15
1737237376.101046,Starlink-550 1398,19.1059,55.791,509.24
1737237376.101046,Starlink-550 1399,31.349,67.9081,510.76
1737237376.101046,Starlink-550 1400,42.1114,83.3869,512.89
1737237376.101046,Starlink-550 1401,50.0291,104.1295,514.67
1737237376.101046,Starlink-550 1402,53.15,130.0815,515.38
1737237376.101046,Starlink-550 1403,50.3089,156.1966,514.73
1737237376.101046,Starlink-550 1404,42.5777,177.2277,512.99
1737237376.101046,Starlink-550 1405,31.9163,-167.079,510.86
1737237376.101046,Starlink-550 1406,19.7238,-154.8404,509.28
1737237376.101046,Starlink-550 1407,6.8064,-144.3865,509.11
1737237376.101046,Starlink-550 1408,0.2406,-134.4351,509.71
1737237376.101046,Starlink-550 1409,-12.8398,-124.42,512.29
1737237376.101046,Starlink-550 1410,-25.4795,-113.3313,516.29
1737237376.101046,Starlink-550 1411,-37.0697,-99.7724,520.82
1737237376.101046,Starlink-550 1412,-46.5815,-81.8848,524.73
1737237376.101046,Starlink-550 1413,-52.3137,-58.2985,527.02
1737237376.101046,Starlink-550 1414,-52.4609,-31.4883,527.07
1737237376.101046,Starlink-550 1415,-46.9651,-7.6405,524.89
1737237376.101046,Starlink-550 1416,-37.5926,10.5075,521.03
1737237376.101046,Starlink-550 1417,-26.0751,24.2312,516.51
1737237376.101046,Starlink-550 1418,-13.4702,35.4042,512.46
1737237376.101046,Starlink-550 1419,-0.4005,45.445,509.79
1737237376.101046,Starlink-550 1420,12.6884,55.459,508.98
1737237376.101046,Starlink-550 1421,25.3537,66.5448,509.87
1737237376.101046,Starlink-550 1422,36.9833,80.104,511.81
1737237376.101046,Starlink-550 1423,46.5408,98.0089,513.88
1737237376.101046,Starlink-550 1424,52.3083,121.6539,515.19
1737237376.101046,Starlink-550 1425,52.4565,148.5549,515.22
1737237376.101046,Starlink-550 1426,46.9266,172.4639,513.96
1737237376.101046,Starlink-550 1427,37.5083,-169.3693,511.91
1737237376.101046,Starlink-550 1428,25.951,-155.6449,509.94
1737237376.101046,Starlink-550 1429,13.3198,-144.4746,508.98
1737237376.101046,Starlink-550 1430,-6.3254,-124.4897,510.78
1737237376.101046,Starlink-550 1431,-19.2465,-114.0866,514.16
1737237376.101046,Starlink-550 1432,-31.4565,-101.9672,518.56
1737237376.101046,Starlink-550 1433,-42.1751,-86.4946,522.92
1737237376.101046,Starlink-550 1434,-50.0493,-65.7873,526.13
1737237376.101046,Starlink-550 1435,-53.1497,-39.9161,527.34
1737237376.101046,Starlink-550 1436,-50.3273,-13.8835,526.24
1737237376.101046,Starlink-550 1437,-42.639,7.1102,523.11
1737237376.101046,Starlink-550 1438,-32.0219,22.7964,518.78
1737237376.101046,Starlink-550 1439,-19.8631,35.0371,514.36
1737237376.101046,Starlink-550 1440,-6.9637,45.4933,510.91
1737237376.101046,Starlink-550 1441,6.1676,55.3902,509.15
1737237376.101046,Starlink-550 1442,19.1059,65.791,509.24
1737237376.101046,Starlink-550 1443,31.349,77.9081,510.76
1737237376.101046,Starlink-550 1444,42.1114,93.3869,512.89
1737237376.101046,Starlink-550 1445,50.0291,114.1295,514.67
1737237376.101046,Starlink-550 1446,53.15,140.0815,515.38
1737237376.101046,Starlink-550 1447,50.3089,166.1966,514.73
1737237376.101046,Starlink-550 1448,42.5777,-172.7723,512.99
1737237376.101046,Starlink-550 1449,31.9163,-157.079,510.86
1737237376.101046,Starlink-550 1450,19.7238,-144.8404,509.28
1737237376.101046,Starlink-550 1451,6.8064,-134.3865,509.11
1737237376.101046,Starlink-550 1452,0.2406,-124.4351,509.71
1737237376.101046,Starlink-550 1453,-12.8398,-114.42,512.29
1737237376.101046,Starlink-550 1454,-25.4795,-103.3313,516.29
1737237376.101046,Starlink-550 1455,-37.0697,-89.7724,520.82
1737237376.101046,Starlink-550 1456,-46.5815,-71.8848,524.73
1737237376.101046,Starlink-550 1457,-52.3137,-48.2985,527.02
1737237376.101046,Starlink-550 1458,-52.4609,-21.4883,527.07
1737237376.101046,Starlink-550 1459,-46.9651,2.3595,524.89
1737237376.101046,Starlink-550 1460,-37.5926,20.5075,521.03
1737237376.101046,Starlink-550 1461,-26.0751,34.2312,516.51
1737237376.101046,Starlink-550 1462,-13.4702,45.4042,512.46
1737237376.101046,Starlink-550 1463,-0.4005,55.445,509.79
1737237376.101046,Starlink-550 1464,12.6884,65.459,508.98
1737237376.101046,Starlink-550 1465,25.3537,76.5448,509.87
1737237376.101046,Starlink-550 1466,36.9833,90.104,511.81
1737237376.101046,Starlink-550 1467,46.5408,108.0089,513.88
1737237376.101046,Starlink-550 1468,52.3083,131.6539,515.19
1737237376.101046,Starlink-550 1469,52.4565,158.5549,515.22
1737237376.101046,Starlink-550 1470,46.9266,-177.5361,513.96
1737237376.101046,Starlink-550 1471,37.5083,-159.3693,511.91
1737237376.101046,Starlink-550 1472,25.951,-145.6449,509.94
1737237376.101046,Starlink-550 1473,13.3198,-134.4746,508.98
1737237376.101046,Starlink-550 1474,-6.3254,-114.4897,510.78
1737237376.101046,Starlink-550 1475,-19.2465,-104.0866,514.16
1737237376.101046,Starlink-550 1476,-31.4565,-91.9672,518.56
1737237376.101046,Starlink-550 1477,-42.1751,-76.4946,522.92
1737237376.101046,Starlink-550 1478,-50.0493,-55.7873,526.13
1737237376.101046,Starlink-550 1479,-53.1497,-29.9161,527.34
1737237376.101046,Starlink-550 1480,-50.3273,-3.8835,526.24
1737237376.101046,Starlink-550 1481,-42.639,17.1102,523.11
1737237376.101046,Starlink-550 1482,-32.0219,32.7964,518.78
1737237376.101046,Starlink-550 1483,-19.8631,45.0371,514.36
1737237376.101046,Starlink-550 1484,-6.9637,55.4933,510.91
1737237376.101046,Starlink-550 1485,6.1676,65.3902,509.15
1737237376.101046,Starlink-550 1486,19.1059,75.791,509.24
1737237376.101046,Starlink-550 1487,31.349,87.9081,510.76
1737237376.101046,Starlink-550 1488,42.1114,103.3869,512.89
1737237376.101046,Starlink-550 1489,50.0291,124.1295,514.67
1737237376.101046,Starlink-550 1490,53.15,150.0815,515.38
1737237376.101046,Starlink-550 1491,50.3089,176.1966,514.73
1737237376.101046,Starlink-550 1492,42.5777,-162.7723,512.99
1737237376.101046,Starlink-550 1493,31.9163,-147.079,510.86
1737237376.101046,Starlink-550 1494,19.7238,-134.8404,509.28
1737237376.101046,Starlink-550 1495,6.8064,-124.3865,509.11
1737237376.101046,Starlink-550 1496,0.2406,-114.4351,509.71
1737237376.101046,Starlink-550 1497,-12.8398,-104.42,512.29
1737237376.101046,Starlink-550 1498,-25.4795,-93.3313,516.29
1737237376.101046,Starlink-550 1499,-37.0697,-79.7724,520.82
1737237376.101046,Starlink-550 1500,-46.5815,-61.8848,524.73
1737237376.101046,Starlink-550 1501,-52.3137,-38.2985,527.02
1737237376.101046,Starlink-550 1502,-52.4609,-11.4883,527.07
1737237376.101046,Starlink-550 1503,-46.9651,12.3595,524.89
1737237376.101046,Starlink-550 1504,-37.5926,30.5075,521.03
1737237376.101046,Starlink-550 1505,-26.0751,44.2312,516.51
1737237376.101046,Starlink-550 1506,-13.4702,55.4042,512.46
1737237376.101046,Starlink-550 1507,-0.4005,65.445,509.79
1737237376.101046,Starlink-550 1508,12.6884,75.459,508.98
1737237376.101046,Starlink-550 1509,25.3537,86.5448,509.87
1737237376.101046,Starlink-550 1510,36.9833,100.104,511.81
1737237376.101046,Starlink-550 1511,46.5408,118.0089,513.88
1737237376.101046,Starlink-550 1512,52.3083,141.6539,515.19
1737237376.101046,Starlink-550 1513,52.4565,168.5549,515.22
1737237376.101046,Starlink-550 1514,46.9266,-167.5361,513.96
1737237376.101046,Starlink-550 1515,37.5083,-149.3693,511.91
1737237376.101046,Starlink-550 1516,25.951,-135.6449,509.94
1737237376.101046,Starlink-550 1517,13.3198,-124.4746,508.98
1737237376.101046,Starlink-550 1518,-6.3254,-104.4897,510.78
1737237376.101046,Starlink-550 1519,-19.2465,-94.0866,514.16
1737237376.101046,Starlink-550 1520,-31.4565,-81.9672,518.56
1737237376.101046,Starlink-550 1521,-42.1751,-66.4946,522.92
1737237376.101046,Starlink-550 1522,-50.0493,-45.7873,526.13
1737237376.101046,Starlink-550 1523,-53.1497,-19.9161,527.34
1737237376.101046,Starlink-550 1524,-50.3273,6.1165,526.24
1737237376.101046,Starlink-550 1525,-42.639,27.1102,523.11
1737237376.101046,Starlink-550 1526,-32.0219,42.7964,518.78
1737237376.101046,Starlink-550 1527,-19.8631,55.0371,514.36
1737237376.101046,Starlink-550 1528,-6.9637,65.4933,510.91
1737237376.101046,Starlink-550 1529,6.1676,75.3902,509.15
1737237376.101046,Starlink-550 1530,19.1059,85.791,509.24
1737237376.101046,Starlink-550 1531,31.349,97.9081,510.76
1737237376.101046,Starlink-550 1532,42.1114,113.3869,512.89
1737237376.101046,Starlink-550 1533,50.0291,134.1295,514.67
1737237376.101046,Starlink-550 1534,53.15,160.0815,515.38
1737237376.101046,Starlink-550 1535,50.3089,-173.8034,514.73
1737237376.101046,Starlink-550 1536,42.5777,-152.7723,512.99
1737237376.101046,Starlink-550 1537,31.9163,-137.079,510.86
1737237376.101046,Starlink-550 1538,19.7238,-124.8404,509.28
1737237376.101046,Starlink-550 1539,6.8064,-114.3865,509.11
1737237376.101046,Starlink-550 1540,0.2406,-104.4351,509.71
1737237376.101046,Starlink-550 1541,-12.8398,-94.42,512.29
1737237376.101046,Starlink-550 1542,-25.4795,-83.3313,516.29
1737237376.101046,Starlink-550 1543,-37.0697,-69.7724,520.82
1737237376.101046,Starlink-550 1544,-46.5815,-51.8848,524.73
1737237376.101046,Starlink-550 1545,-52.3137,-28.2985,527.02
1737237376.101046,Starlink-550 1546,-52.4609,-1.4883,527.07
1737237376.101046,Starlink-550 1547,-46.9651,22.3595,524.89
1737237376.101046,Starlink-550 1548,-37.5926,40.5075,521.03
1737237376.101046,Starlink-550 1549,-26.0751,54.2312,516.51
1737237376.101046,Starlink-550 1550,-13.4702,65.4042,512.46
1737237376.101046,Starlink-550 1551,-0.4005,75.445,509.79
1737237376.101046,Starlink-550 1552,12.6884,85.459,508.98
1737237376.101046,Starlink-550 1553,25.3537,96.5448,509.87
1737237376.101046,Starlink-550 1554,36.9833,110.104,511.81
1737237376.101046,Starlink-550 1555,46.5408,128.0089,513.88
1737237376.101046,Starlink-550 1556,52.3083,151.6539,515.19
1737237376.101046,Starlink-550 1557,52.4565,178.5549,515.22
1737237376.101046,Starlink-550 1558,46.9266,-157.5361,513.96
1737237376.101046,Starlink-550 1559,37.5083,-139.3693,511.91
1737237376.101046,Starlink-550 1560,25.951,-125.6449,509.94
1737237376.101046,Starlink-550 1561,13.3198,-114.4746,508.98
1737237376.101046,Starlink-550 1562,-6.3254,-94.4897,510.78
1737237376.101046,Starlink-550 1563,-19.2465,-84.0866,514.16
1737237376.101046,Starlink-550 1564,-31.4565,-71.9672,518.56
1737237376.101046,Starlink-550 1565,-42.1751,-56.4946,522.92
1737237376.101046,Starlink-550 1566,-50.0493,-35.7873,526.13
1737237376.101046,Starlink-550 1567,-53.1497,-9.9161,527.34
1737237376.101046,Starlink-550 1568,-50.3273,16.1165,526.24
1737237376.101046,Starlink-550 1569,-42.639,37.1102,523.11
1737237376.101046,Starlink-550 1570,-32.0219,52.7964,518.78
1737237376.101046,Starlink-550 1571,-19.8631,65.0371,514.36
1737237376.101046,Starlink-550 1572,-6.9637,75.4933,510.91
1737237376.101046,Starlink-550 1573,6.1676,85.3902,509.15
1737237376.101046,Starlink-550 1574,19.1059,95.791,509.24
1737237376.101046,Starlink-550 1575,31.349,107.9081,510.76
1737237376.101046,Starlink-550 1576,42.1114,123.3869,512.89
1737237376.101046,Starlink-550 1577,50.0291,144.1295,514.67
1737237376.101046,Starlink-550 1578,53.15,170.0815,515.38
1737237376.101046,Starlink-550 1579,50.3089,-163.8034,514.73
1737237376.101046,Starlink-550 1580,42.5777,-142.7723,512.99
1737237376.101046,Starlink-550 1581,31.9163,-127.079,510.86
1737237376.101046,Starlink-550 1582,19.7238,-114.8404,509.28
1737237376.101046,Starlink-550 1583,6.8064,-104.3865,509.11
